SimpleMathClean.java,org.jugsaxony.demo2.SimpleMathClean,org.pitest.mutationtest.engine.gregor.mutators.ConditionalsBoundaryMutator,max,20,SURVIVED,none
SimpleMathClean.java,org.jugsaxony.demo2.SimpleMathClean,org.pitest.mutationtest.engine.gregor.mutators.NegateConditionalsMutator,max,20,KILLED,org.jugsaxony.demo2.SimpleMathCleanTest.[engine:junit-jupiter]/[class:org.jugsaxony.demo2.SimpleMathCleanTest]/[nested-class:MaxPrimitiveIntTests]/[method:testSecondArgumentGreaterPositive()]
SimpleMathClean.java,org.jugsaxony.demo2.SimpleMathClean,org.pitest.mutationtest.engine.gregor.mutators.returns.PrimitiveReturnsMutator,max,20,KILLED,org.jugsaxony.demo2.SimpleMathCleanTest.[engine:junit-jupiter]/[class:org.jugsaxony.demo2.SimpleMathCleanTest]/[nested-class:MaxPrimitiveIntTests]/[method:testSecondArgumentGreaterPositive()]
SimpleMathClean.java,org.jugsaxony.demo2.SimpleMathClean,org.pitest.mutationtest.engine.gregor.mutators.ConditionalsBoundaryMutator,max,34,SURVIVED,none
SimpleMathClean.java,org.jugsaxony.demo2.SimpleMathClean,org.pitest.mutationtest.engine.gregor.mutators.NegateConditionalsMutator,max,34,KILLED,org.jugsaxony.demo2.SimpleMathCleanTest.[engine:junit-jupiter]/[class:org.jugsaxony.demo2.SimpleMathCleanTest]/[nested-class:MaxBoxedIntegerTests]/[method:testNegativeIntegers()]
SimpleMathClean.java,org.jugsaxony.demo2.SimpleMathClean,org.pitest.mutationtest.engine.gregor.mutators.returns.PrimitiveReturnsMutator,max,34,KILLED,org.jugsaxony.demo2.SimpleMathCleanTest.[engine:junit-jupiter]/[class:org.jugsaxony.demo2.SimpleMathCleanTest]/[nested-class:MaxBoxedIntegerTests]/[method:testDistinctInstancesEqualValueOutsideCache()]
SimpleMathClean.java,org.jugsaxony.demo2.SimpleMathClean,org.pitest.mutationtest.engine.gregor.mutators.MathMutator,sum,48,KILLED,org.jugsaxony.demo2.SimpleMathCleanTest.[engine:junit-jupiter]/[class:org.jugsaxony.demo2.SimpleMathCleanTest]/[nested-class:SumArrayTests]/[method:testLargeArrayOfNegativeOnes()]
SimpleMathClean.java,org.jugsaxony.demo2.SimpleMathClean,org.pitest.mutationtest.engine.gregor.mutators.returns.PrimitiveReturnsMutator,sum,50,KILLED,org.jugsaxony.demo2.SimpleMathCleanTest.[engine:junit-jupiter]/[class:org.jugsaxony.demo2.SimpleMathCleanTest]/[nested-class:SumArrayTests]/[method:testLargeArrayOfNegativeOnes()]
SimpleMath.java,org.jugsaxony.demo2.SimpleMath,org.pitest.mutationtest.engine.gregor.mutators.ConditionalsBoundaryMutator,max,7,SURVIVED,none
SimpleMath.java,org.jugsaxony.demo2.SimpleMath,org.pitest.mutationtest.engine.gregor.mutators.NegateConditionalsMutator,max,7,KILLED,"org.jugsaxony.demo2.SimpleMathTest.[engine:junit-jupiter]/[class:org.jugsaxony.demo2.SimpleMathTest]/[nested-class:MaxPrimitiveIntTests]/[test-template:testParameterizedMax(int, int, int)]/[test-template-invocation:#5]"
SimpleMath.java,org.jugsaxony.demo2.SimpleMath,org.pitest.mutationtest.engine.gregor.mutators.returns.PrimitiveReturnsMutator,max,7,KILLED,"org.jugsaxony.demo2.SimpleMathTest.[engine:junit-jupiter]/[class:org.jugsaxony.demo2.SimpleMathTest]/[nested-class:MaxPrimitiveIntTests]/[test-template:testParameterizedMax(int, int, int)]/[test-template-invocation:#5]"
SimpleMath.java,org.jugsaxony.demo2.SimpleMath,org.pitest.mutationtest.engine.gregor.mutators.ConditionalsBoundaryMutator,max,12,SURVIVED,none
SimpleMath.java,org.jugsaxony.demo2.SimpleMath,org.pitest.mutationtest.engine.gregor.mutators.NegateConditionalsMutator,max,12,KILLED,"org.jugsaxony.demo2.SimpleMathTest.[engine:junit-jupiter]/[class:org.jugsaxony.demo2.SimpleMathTest]/[nested-class:MaxBoxedIntegerTests]/[test-template:testParameterizedBoxedMax(int, int, int)]/[test-template-invocation:#6]"
SimpleMath.java,org.jugsaxony.demo2.SimpleMath,org.pitest.mutationtest.engine.gregor.mutators.returns.PrimitiveReturnsMutator,max,12,KILLED,org.jugsaxony.demo2.SimpleMathTest.[engine:junit-jupiter]/[class:org.jugsaxony.demo2.SimpleMathTest]/[nested-class:MaxBoxedIntegerTests]/[method:testEqualValuesOutsideCache()]
SimpleMath.java,org.jugsaxony.demo2.SimpleMath,org.pitest.mutationtest.engine.gregor.mutators.MathMutator,sum,20,KILLED,org.jugsaxony.demo2.SimpleMathTest.[engine:junit-jupiter]/[class:org.jugsaxony.demo2.SimpleMathTest]/[nested-class:SumArrayTests]/[method:testDuplicateElements()]
SimpleMath.java,org.jugsaxony.demo2.SimpleMath,org.pitest.mutationtest.engine.gregor.mutators.returns.PrimitiveReturnsMutator,sum,22,KILLED,org.jugsaxony.demo2.SimpleMathTest.[engine:junit-jupiter]/[class:org.jugsaxony.demo2.SimpleMathTest]/[nested-class:SumArrayTests]/[method:testDuplicateElements()]
