FastHashMap.java,org.jugsaxony.demo9.FastHashMap,org.pitest.mutationtest.engine.gregor.mutators.ConditionalsBoundaryMutator,<init>,109,SURVIVED,none
FastHashMap.java,org.jugsaxony.demo9.FastHashMap,org.pitest.mutationtest.engine.gregor.mutators.ConditionalsBoundaryMutator,<init>,113,SURVIVED,none
FastHashMap.java,org.jugsaxony.demo9.FastHashMap,org.pitest.mutationtest.engine.gregor.mutators.ConditionalsBoundaryMutator,<init>,113,SURVIVED,none
FastHashMap.java,org.jugsaxony.demo9.FastHashMap,org.pitest.mutationtest.engine.gregor.mutators.MathMutator,<init>,120,TIMED_OUT,none
FastHashMap.java,org.jugsaxony.demo9.FastHashMap,org.pitest.mutationtest.engine.gregor.mutators.NegateConditionalsMutator,<init>,109,KILLED,org.jugsaxony.demo9.FastHashMapBlackBox.[engine:junit-jupiter]/[class:org.jugsaxony.demo9.FastHashMapBlackBox]/[method:removeNull()]
FastHashMap.java,org.jugsaxony.demo9.FastHashMap,org.pitest.mutationtest.engine.gregor.mutators.NegateConditionalsMutator,<init>,113,KILLED,org.jugsaxony.demo9.FastHashMapBlackBox.[engine:junit-jupiter]/[class:org.jugsaxony.demo9.FastHashMapBlackBox]/[method:removeNull()]
FastHashMap.java,org.jugsaxony.demo9.FastHashMap,org.pitest.mutationtest.engine.gregor.mutators.NegateConditionalsMutator,<init>,113,KILLED,org.jugsaxony.demo9.FastHashMapBlackBox.[engine:junit-jupiter]/[class:org.jugsaxony.demo9.FastHashMapBlackBox]/[method:removeNull()]
FastHashMap.java,org.jugsaxony.demo9.FastHashMap,org.pitest.mutationtest.engine.gregor.mutators.NegateConditionalsMutator,<init>,113,KILLED,org.jugsaxony.demo9.FastHashMapBlackBox.[engine:junit-jupiter]/[class:org.jugsaxony.demo9.FastHashMapBlackBox]/[method:removeNull()]
FastHashMap.java,org.jugsaxony.demo9.FastHashMap,org.pitest.mutationtest.engine.gregor.mutators.ConditionalsBoundaryMutator,calculateCapacity,405,SURVIVED,none
FastHashMap.java,org.jugsaxony.demo9.FastHashMap,org.pitest.mutationtest.engine.gregor.mutators.ConditionalsBoundaryMutator,calculateCapacity,410,SURVIVED,none
FastHashMap.java,org.jugsaxony.demo9.FastHashMap,org.pitest.mutationtest.engine.gregor.mutators.MathMutator,calculateCapacity,412,SURVIVED,none
FastHashMap.java,org.jugsaxony.demo9.FastHashMap,org.pitest.mutationtest.engine.gregor.mutators.NegateConditionalsMutator,calculateCapacity,405,SURVIVED,none
FastHashMap.java,org.jugsaxony.demo9.FastHashMap,org.pitest.mutationtest.engine.gregor.mutators.NegateConditionalsMutator,calculateCapacity,410,SURVIVED,none
FastHashMap.java,org.jugsaxony.demo9.FastHashMap,org.pitest.mutationtest.engine.gregor.mutators.returns.PrimitiveReturnsMutator,calculateCapacity,407,KILLED,org.jugsaxony.demo9.FastHashMapBlackBox.[engine:junit-jupiter]/[class:org.jugsaxony.demo9.FastHashMapBlackBox]/[method:removeEmpty()]
FastHashMap.java,org.jugsaxony.demo9.FastHashMap,org.pitest.mutationtest.engine.gregor.mutators.returns.PrimitiveReturnsMutator,calculateCapacity,414,KILLED,org.jugsaxony.demo9.FastHashMapBlackBox.[engine:junit-jupiter]/[class:org.jugsaxony.demo9.FastHashMapBlackBox]/[method:putCollision()]
FastHashMap.java,org.jugsaxony.demo9.FastHashMap,org.pitest.mutationtest.engine.gregor.mutators.ConditionalsBoundaryMutator,calculateThreshold,427,SURVIVED,none
FastHashMap.java,org.jugsaxony.demo9.FastHashMap,org.pitest.mutationtest.engine.gregor.mutators.MathMutator,calculateThreshold,426,SURVIVED,none
FastHashMap.java,org.jugsaxony.demo9.FastHashMap,org.pitest.mutationtest.engine.gregor.mutators.MathMutator,calculateThreshold,427,NO_COVERAGE,none
FastHashMap.java,org.jugsaxony.demo9.FastHashMap,org.pitest.mutationtest.engine.gregor.mutators.NegateConditionalsMutator,calculateThreshold,427,SURVIVED,none
FastHashMap.java,org.jugsaxony.demo9.FastHashMap,org.pitest.mutationtest.engine.gregor.mutators.returns.PrimitiveReturnsMutator,calculateThreshold,427,TIMED_OUT,none
FastHashMap.java,org.jugsaxony.demo9.FastHashMap,org.pitest.mutationtest.engine.gregor.mutators.returns.PrimitiveReturnsMutator,capacity,351,NO_COVERAGE,none
FastHashMap.java,org.jugsaxony.demo9.FastHashMap,org.pitest.mutationtest.engine.gregor.mutators.VoidMethodCallMutator,clear,338,KILLED,org.jugsaxony.demo9.FastHashMapBlackBox.[engine:junit-jupiter]/[class:org.jugsaxony.demo9.FastHashMapBlackBox]/[method:clear()]
FastHashMap.java,org.jugsaxony.demo9.FastHashMap,org.pitest.mutationtest.engine.gregor.mutators.VoidMethodCallMutator,clear,339,SURVIVED,none
FastHashMap.java,org.jugsaxony.demo9.FastHashMap,org.pitest.mutationtest.engine.gregor.mutators.MathMutator,get,150,KILLED,org.jugsaxony.demo9.FastHashMapBlackBox.[engine:junit-jupiter]/[class:org.jugsaxony.demo9.FastHashMapBlackBox]/[method:putCollision()]
FastHashMap.java,org.jugsaxony.demo9.FastHashMap,org.pitest.mutationtest.engine.gregor.mutators.MathMutator,get,164,KILLED,org.jugsaxony.demo9.FastHashMapBlackBox.[engine:junit-jupiter]/[class:org.jugsaxony.demo9.FastHashMapBlackBox]/[method:putCollision()]
FastHashMap.java,org.jugsaxony.demo9.FastHashMap,org.pitest.mutationtest.engine.gregor.mutators.MathMutator,get,164,KILLED,org.jugsaxony.demo9.FastHashMapBlackBox.[engine:junit-jupiter]/[class:org.jugsaxony.demo9.FastHashMapBlackBox]/[method:putCollision()]
FastHashMap.java,org.jugsaxony.demo9.FastHashMap,org.pitest.mutationtest.engine.gregor.mutators.NegateConditionalsMutator,get,155,KILLED,org.jugsaxony.demo9.FastHashMapBlackBox.[engine:junit-jupiter]/[class:org.jugsaxony.demo9.FastHashMapBlackBox]/[method:putCollision()]
FastHashMap.java,org.jugsaxony.demo9.FastHashMap,org.pitest.mutationtest.engine.gregor.mutators.NegateConditionalsMutator,get,159,KILLED,org.jugsaxony.demo9.FastHashMapBlackBox.[engine:junit-jupiter]/[class:org.jugsaxony.demo9.FastHashMapBlackBox]/[method:putCollision()]
FastHashMap.java,org.jugsaxony.demo9.FastHashMap,org.pitest.mutationtest.engine.gregor.mutators.returns.NullReturnValsMutator,get,161,KILLED,org.jugsaxony.demo9.FastHashMapBlackBox.[engine:junit-jupiter]/[class:org.jugsaxony.demo9.FastHashMapBlackBox]/[method:putCollision()]
FastHashMap.java,org.jugsaxony.demo9.FastHashMap,org.pitest.mutationtest.engine.gregor.mutators.ConditionalsBoundaryMutator,keys,296,KILLED,org.jugsaxony.demo9.FastHashMapBlackBox.[engine:junit-jupiter]/[class:org.jugsaxony.demo9.FastHashMapBlackBox]/[method:clear()]
FastHashMap.java,org.jugsaxony.demo9.FastHashMap,org.pitest.mutationtest.engine.gregor.mutators.IncrementsMutator,keys,296,KILLED,org.jugsaxony.demo9.FastHashMapBlackBox.[engine:junit-jupiter]/[class:org.jugsaxony.demo9.FastHashMapBlackBox]/[method:clear()]
FastHashMap.java,org.jugsaxony.demo9.FastHashMap,org.pitest.mutationtest.engine.gregor.mutators.NegateConditionalsMutator,keys,299,KILLED,org.jugsaxony.demo9.FastHashMapBlackBox.[engine:junit-jupiter]/[class:org.jugsaxony.demo9.FastHashMapBlackBox]/[method:clear()]
FastHashMap.java,org.jugsaxony.demo9.FastHashMap,org.pitest.mutationtest.engine.gregor.mutators.NegateConditionalsMutator,keys,296,KILLED,org.jugsaxony.demo9.FastHashMapBlackBox.[engine:junit-jupiter]/[class:org.jugsaxony.demo9.FastHashMapBlackBox]/[method:clear()]
FastHashMap.java,org.jugsaxony.demo9.FastHashMap,org.pitest.mutationtest.engine.gregor.mutators.returns.EmptyObjectReturnValsMutator,keys,305,KILLED,org.jugsaxony.demo9.FastHashMapBlackBox.[engine:junit-jupiter]/[class:org.jugsaxony.demo9.FastHashMapBlackBox]/[method:clear()]
FastHashMap.java,org.jugsaxony.demo9.FastHashMap,org.pitest.mutationtest.engine.gregor.mutators.MathMutator,mixHash,136,SURVIVED,none
FastHashMap.java,org.jugsaxony.demo9.FastHashMap,org.pitest.mutationtest.engine.gregor.mutators.MathMutator,mixHash,136,SURVIVED,none
FastHashMap.java,org.jugsaxony.demo9.FastHashMap,org.pitest.mutationtest.engine.gregor.mutators.returns.PrimitiveReturnsMutator,mixHash,136,SURVIVED,none
FastHashMap.java,org.jugsaxony.demo9.FastHashMap,org.pitest.mutationtest.engine.gregor.mutators.ConditionalsBoundaryMutator,put,189,SURVIVED,none
FastHashMap.java,org.jugsaxony.demo9.FastHashMap,org.pitest.mutationtest.engine.gregor.mutators.MathMutator,put,181,KILLED,org.jugsaxony.demo9.FastHashMapBlackBox.[engine:junit-jupiter]/[class:org.jugsaxony.demo9.FastHashMapBlackBox]/[method:putCollision()]
FastHashMap.java,org.jugsaxony.demo9.FastHashMap,org.pitest.mutationtest.engine.gregor.mutators.MathMutator,put,191,TIMED_OUT,none
FastHashMap.java,org.jugsaxony.demo9.FastHashMap,org.pitest.mutationtest.engine.gregor.mutators.MathMutator,put,193,KILLED,org.jugsaxony.demo9.FastHashMapBlackBox.[engine:junit-jupiter]/[class:org.jugsaxony.demo9.FastHashMapBlackBox]/[method:keys()]
FastHashMap.java,org.jugsaxony.demo9.FastHashMap,org.pitest.mutationtest.engine.gregor.mutators.MathMutator,put,196,KILLED,org.jugsaxony.demo9.FastHashMapBlackBox.[engine:junit-jupiter]/[class:org.jugsaxony.demo9.FastHashMapBlackBox]/[method:collision()]
FastHashMap.java,org.jugsaxony.demo9.FastHashMap,org.pitest.mutationtest.engine.gregor.mutators.MathMutator,put,196,KILLED,org.jugsaxony.demo9.FastHashMapBlackBox.[engine:junit-jupiter]/[class:org.jugsaxony.demo9.FastHashMapBlackBox]/[method:collision()]
FastHashMap.java,org.jugsaxony.demo9.FastHashMap,org.pitest.mutationtest.engine.gregor.mutators.MathMutator,put,202,KILLED,org.jugsaxony.demo9.FastHashMapBlackBox.[engine:junit-jupiter]/[class:org.jugsaxony.demo9.FastHashMapBlackBox]/[method:putCollision()]
FastHashMap.java,org.jugsaxony.demo9.FastHashMap,org.pitest.mutationtest.engine.gregor.mutators.MathMutator,put,214,KILLED,org.jugsaxony.demo9.FastHashMapBlackBox.[engine:junit-jupiter]/[class:org.jugsaxony.demo9.FastHashMapBlackBox]/[method:putCollision()]
FastHashMap.java,org.jugsaxony.demo9.FastHashMap,org.pitest.mutationtest.engine.gregor.mutators.MathMutator,put,214,KILLED,org.jugsaxony.demo9.FastHashMapBlackBox.[engine:junit-jupiter]/[class:org.jugsaxony.demo9.FastHashMapBlackBox]/[method:putCollision()]
FastHashMap.java,org.jugsaxony.demo9.FastHashMap,org.pitest.mutationtest.engine.gregor.mutators.NegateConditionalsMutator,put,186,KILLED,org.jugsaxony.demo9.FastHashMapBlackBox.[engine:junit-jupiter]/[class:org.jugsaxony.demo9.FastHashMapBlackBox]/[method:putCollision()]
FastHashMap.java,org.jugsaxony.demo9.FastHashMap,org.pitest.mutationtest.engine.gregor.mutators.NegateConditionalsMutator,put,189,TIMED_OUT,none
FastHashMap.java,org.jugsaxony.demo9.FastHashMap,org.pitest.mutationtest.engine.gregor.mutators.NegateConditionalsMutator,put,194,KILLED,org.jugsaxony.demo9.FastHashMapBlackBox.[engine:junit-jupiter]/[class:org.jugsaxony.demo9.FastHashMapBlackBox]/[method:keys()]
FastHashMap.java,org.jugsaxony.demo9.FastHashMap,org.pitest.mutationtest.engine.gregor.mutators.NegateConditionalsMutator,put,207,KILLED,org.jugsaxony.demo9.FastHashMapBlackBox.[engine:junit-jupiter]/[class:org.jugsaxony.demo9.FastHashMapBlackBox]/[method:putCollision()]
FastHashMap.java,org.jugsaxony.demo9.FastHashMap,org.pitest.mutationtest.engine.gregor.mutators.VoidMethodCallMutator,put,191,TIMED_OUT,none
FastHashMap.java,org.jugsaxony.demo9.FastHashMap,org.pitest.mutationtest.engine.gregor.mutators.returns.NullReturnValsMutator,put,211,SURVIVED,none
FastHashMap.java,org.jugsaxony.demo9.FastHashMap,org.pitest.mutationtest.engine.gregor.mutators.ConditionalsBoundaryMutator,rehash,362,SURVIVED,none
FastHashMap.java,org.jugsaxony.demo9.FastHashMap,org.pitest.mutationtest.engine.gregor.mutators.ConditionalsBoundaryMutator,rehash,381,KILLED,org.jugsaxony.demo9.FastHashMapBlackBox.[engine:junit-jupiter]/[class:org.jugsaxony.demo9.FastHashMapBlackBox]/[method:keys()]
FastHashMap.java,org.jugsaxony.demo9.FastHashMap,org.pitest.mutationtest.engine.gregor.mutators.IncrementsMutator,rehash,381,KILLED,org.jugsaxony.demo9.FastHashMapBlackBox.[engine:junit-jupiter]/[class:org.jugsaxony.demo9.FastHashMapBlackBox]/[method:keys()]
FastHashMap.java,org.jugsaxony.demo9.FastHashMap,org.pitest.mutationtest.engine.gregor.mutators.MathMutator,rehash,378,TIMED_OUT,none
FastHashMap.java,org.jugsaxony.demo9.FastHashMap,org.pitest.mutationtest.engine.gregor.mutators.MathMutator,rehash,386,KILLED,org.jugsaxony.demo9.FastHashMapBlackBox.[engine:junit-jupiter]/[class:org.jugsaxony.demo9.FastHashMapBlackBox]/[method:keys()]
FastHashMap.java,org.jugsaxony.demo9.FastHashMap,org.pitest.mutationtest.engine.gregor.mutators.MathMutator,rehash,389,KILLED,org.jugsaxony.demo9.FastHashMapBlackBox.[engine:junit-jupiter]/[class:org.jugsaxony.demo9.FastHashMapBlackBox]/[method:keys()]
FastHashMap.java,org.jugsaxony.demo9.FastHashMap,org.pitest.mutationtest.engine.gregor.mutators.MathMutator,rehash,389,KILLED,org.jugsaxony.demo9.FastHashMapBlackBox.[engine:junit-jupiter]/[class:org.jugsaxony.demo9.FastHashMapBlackBox]/[method:keys()]
FastHashMap.java,org.jugsaxony.demo9.FastHashMap,org.pitest.mutationtest.engine.gregor.mutators.NegateConditionalsMutator,rehash,362,TIMED_OUT,none
FastHashMap.java,org.jugsaxony.demo9.FastHashMap,org.pitest.mutationtest.engine.gregor.mutators.NegateConditionalsMutator,rehash,364,NO_COVERAGE,none
FastHashMap.java,org.jugsaxony.demo9.FastHashMap,org.pitest.mutationtest.engine.gregor.mutators.NegateConditionalsMutator,rehash,384,KILLED,org.jugsaxony.demo9.FastHashMapBlackBox.[engine:junit-jupiter]/[class:org.jugsaxony.demo9.FastHashMapBlackBox]/[method:keys()]
FastHashMap.java,org.jugsaxony.demo9.FastHashMap,org.pitest.mutationtest.engine.gregor.mutators.NegateConditionalsMutator,rehash,387,TIMED_OUT,none
FastHashMap.java,org.jugsaxony.demo9.FastHashMap,org.pitest.mutationtest.engine.gregor.mutators.NegateConditionalsMutator,rehash,381,KILLED,org.jugsaxony.demo9.FastHashMapBlackBox.[engine:junit-jupiter]/[class:org.jugsaxony.demo9.FastHashMapBlackBox]/[method:keys()]
FastHashMap.java,org.jugsaxony.demo9.FastHashMap,org.pitest.mutationtest.engine.gregor.mutators.ConditionalsBoundaryMutator,remove,262,SURVIVED,none
FastHashMap.java,org.jugsaxony.demo9.FastHashMap,org.pitest.mutationtest.engine.gregor.mutators.MathMutator,remove,229,KILLED,org.jugsaxony.demo9.FastHashMapBlackBox.[engine:junit-jupiter]/[class:org.jugsaxony.demo9.FastHashMapBlackBox]/[method:removeEmpty()]
FastHashMap.java,org.jugsaxony.demo9.FastHashMap,org.pitest.mutationtest.engine.gregor.mutators.MathMutator,remove,242,KILLED,org.jugsaxony.demo9.FastHashMapBlackBox.[engine:junit-jupiter]/[class:org.jugsaxony.demo9.FastHashMapBlackBox]/[method:removeCollision()]
FastHashMap.java,org.jugsaxony.demo9.FastHashMap,org.pitest.mutationtest.engine.gregor.mutators.MathMutator,remove,250,KILLED,org.jugsaxony.demo9.FastHashMapBlackBox.[engine:junit-jupiter]/[class:org.jugsaxony.demo9.FastHashMapBlackBox]/[method:removeCollision()]
FastHashMap.java,org.jugsaxony.demo9.FastHashMap,org.pitest.mutationtest.engine.gregor.mutators.MathMutator,remove,250,KILLED,org.jugsaxony.demo9.FastHashMapBlackBox.[engine:junit-jupiter]/[class:org.jugsaxony.demo9.FastHashMapBlackBox]/[method:removeCollision()]
FastHashMap.java,org.jugsaxony.demo9.FastHashMap,org.pitest.mutationtest.engine.gregor.mutators.MathMutator,remove,260,KILLED,org.jugsaxony.demo9.FastHashMapBlackBox.[engine:junit-jupiter]/[class:org.jugsaxony.demo9.FastHashMapBlackBox]/[method:remove()]
FastHashMap.java,org.jugsaxony.demo9.FastHashMap,org.pitest.mutationtest.engine.gregor.mutators.MathMutator,remove,262,KILLED,org.jugsaxony.demo9.FastHashMapBlackBox.[engine:junit-jupiter]/[class:org.jugsaxony.demo9.FastHashMapBlackBox]/[method:removeCollision()]
FastHashMap.java,org.jugsaxony.demo9.FastHashMap,org.pitest.mutationtest.engine.gregor.mutators.MathMutator,remove,262,KILLED,org.jugsaxony.demo9.FastHashMapBlackBox.[engine:junit-jupiter]/[class:org.jugsaxony.demo9.FastHashMapBlackBox]/[method:removeCollision()]
FastHashMap.java,org.jugsaxony.demo9.FastHashMap,org.pitest.mutationtest.engine.gregor.mutators.MathMutator,remove,262,KILLED,org.jugsaxony.demo9.FastHashMapBlackBox.[engine:junit-jupiter]/[class:org.jugsaxony.demo9.FastHashMapBlackBox]/[method:hitEachSlot()]
FastHashMap.java,org.jugsaxony.demo9.FastHashMap,org.pitest.mutationtest.engine.gregor.mutators.MathMutator,remove,262,KILLED,org.jugsaxony.demo9.FastHashMapBlackBox.[engine:junit-jupiter]/[class:org.jugsaxony.demo9.FastHashMapBlackBox]/[method:remove()]
FastHashMap.java,org.jugsaxony.demo9.FastHashMap,org.pitest.mutationtest.engine.gregor.mutators.MathMutator,remove,271,KILLED,org.jugsaxony.demo9.FastHashMapBlackBox.[engine:junit-jupiter]/[class:org.jugsaxony.demo9.FastHashMapBlackBox]/[method:removeCollision()]
FastHashMap.java,org.jugsaxony.demo9.FastHashMap,org.pitest.mutationtest.engine.gregor.mutators.MathMutator,remove,271,KILLED,org.jugsaxony.demo9.FastHashMapBlackBox.[engine:junit-jupiter]/[class:org.jugsaxony.demo9.FastHashMapBlackBox]/[method:removeCollision()]
FastHashMap.java,org.jugsaxony.demo9.FastHashMap,org.pitest.mutationtest.engine.gregor.mutators.NegateConditionalsMutator,remove,234,KILLED,org.jugsaxony.demo9.FastHashMapBlackBox.[engine:junit-jupiter]/[class:org.jugsaxony.demo9.FastHashMapBlackBox]/[method:removeEmpty()]
FastHashMap.java,org.jugsaxony.demo9.FastHashMap,org.pitest.mutationtest.engine.gregor.mutators.NegateConditionalsMutator,remove,239,KILLED,org.jugsaxony.demo9.FastHashMapBlackBox.[engine:junit-jupiter]/[class:org.jugsaxony.demo9.FastHashMapBlackBox]/[method:removeTwice()]
FastHashMap.java,org.jugsaxony.demo9.FastHashMap,org.pitest.mutationtest.engine.gregor.mutators.NegateConditionalsMutator,remove,252,KILLED,org.jugsaxony.demo9.FastHashMapBlackBox.[engine:junit-jupiter]/[class:org.jugsaxony.demo9.FastHashMapBlackBox]/[method:removeTwice()]
FastHashMap.java,org.jugsaxony.demo9.FastHashMap,org.pitest.mutationtest.engine.gregor.mutators.NegateConditionalsMutator,remove,262,KILLED,org.jugsaxony.demo9.FastHashMapBlackBox.[engine:junit-jupiter]/[class:org.jugsaxony.demo9.FastHashMapBlackBox]/[method:removeCollision()]
FastHashMap.java,org.jugsaxony.demo9.FastHashMap,org.pitest.mutationtest.engine.gregor.mutators.returns.NullReturnValsMutator,remove,257,KILLED,org.jugsaxony.demo9.FastHashMapBlackBox.[engine:junit-jupiter]/[class:org.jugsaxony.demo9.FastHashMapBlackBox]/[method:removeTwice()]
FastHashMap.java,org.jugsaxony.demo9.FastHashMap,org.pitest.mutationtest.engine.gregor.mutators.returns.PrimitiveReturnsMutator,size,282,KILLED,org.jugsaxony.demo9.FastHashMapBlackBox.[engine:junit-jupiter]/[class:org.jugsaxony.demo9.FastHashMapBlackBox]/[method:putCollision()]
FastHashMap.java,org.jugsaxony.demo9.FastHashMap,org.pitest.mutationtest.engine.gregor.mutators.ConditionalsBoundaryMutator,values,321,KILLED,org.jugsaxony.demo9.FastHashMapBlackBox.[engine:junit-jupiter]/[class:org.jugsaxony.demo9.FastHashMapBlackBox]/[method:clear()]
FastHashMap.java,org.jugsaxony.demo9.FastHashMap,org.pitest.mutationtest.engine.gregor.mutators.IncrementsMutator,values,321,KILLED,org.jugsaxony.demo9.FastHashMapBlackBox.[engine:junit-jupiter]/[class:org.jugsaxony.demo9.FastHashMapBlackBox]/[method:clear()]
FastHashMap.java,org.jugsaxony.demo9.FastHashMap,org.pitest.mutationtest.engine.gregor.mutators.NegateConditionalsMutator,values,323,KILLED,org.jugsaxony.demo9.FastHashMapBlackBox.[engine:junit-jupiter]/[class:org.jugsaxony.demo9.FastHashMapBlackBox]/[method:clear()]
FastHashMap.java,org.jugsaxony.demo9.FastHashMap,org.pitest.mutationtest.engine.gregor.mutators.NegateConditionalsMutator,values,321,KILLED,org.jugsaxony.demo9.FastHashMapBlackBox.[engine:junit-jupiter]/[class:org.jugsaxony.demo9.FastHashMapBlackBox]/[method:clear()]
FastHashMap.java,org.jugsaxony.demo9.FastHashMap,org.pitest.mutationtest.engine.gregor.mutators.returns.EmptyObjectReturnValsMutator,values,329,KILLED,org.jugsaxony.demo9.FastHashMapBlackBox.[engine:junit-jupiter]/[class:org.jugsaxony.demo9.FastHashMapBlackBox]/[method:clear()]
