LRUClockMap.java,org.jugsaxony.demo9.LRUClockMap,org.pitest.mutationtest.engine.gregor.mutators.ConditionalsBoundaryMutator,<init>,108,KILLED,org.jugsaxony.demo9.LRUClockMapTest.[engine:junit-jupiter]/[class:org.jugsaxony.demo9.LRUClockMapTest]/[nested-class:DiagnosticsAndDebugTests]/[method:occupiedSpaceMatchesBackingArrayLength()]
LRUClockMap.java,org.jugsaxony.demo9.LRUClockMap,org.pitest.mutationtest.engine.gregor.mutators.MathMutator,<init>,115,KILLED,org.jugsaxony.demo9.LRUClockMapTest.[engine:junit-jupiter]/[class:org.jugsaxony.demo9.LRUClockMapTest]/[nested-class:BasicOperationsTests]/[method:removeNonExistentEntryReturnsNull()]
LRUClockMap.java,org.jugsaxony.demo9.LRUClockMap,org.pitest.mutationtest.engine.gregor.mutators.NegateConditionalsMutator,<init>,108,KILLED,org.jugsaxony.demo9.LRUClockMapTest.[engine:junit-jupiter]/[class:org.jugsaxony.demo9.LRUClockMapTest]/[nested-class:ConstructorTests]/[test-template:maxSizeBelowFourThrowsIllegalArgumentException(int)]/[test-template-invocation:#3]
LRUClockMap.java,org.jugsaxony.demo9.LRUClockMap,org.pitest.mutationtest.engine.gregor.mutators.ConditionalsBoundaryMutator,arraySize,570,KILLED,org.jugsaxony.demo9.LRUClockMapTest.[engine:junit-jupiter]/[class:org.jugsaxony.demo9.LRUClockMapTest]/[nested-class:ConstructorTests]/[method:arraySizeBoundaryExactLimit()]
LRUClockMap.java,org.jugsaxony.demo9.LRUClockMap,org.pitest.mutationtest.engine.gregor.mutators.MathMutator,arraySize,569,KILLED,org.jugsaxony.demo9.LRUClockMapTest.[engine:junit-jupiter]/[class:org.jugsaxony.demo9.LRUClockMapTest]/[nested-class:DiagnosticsAndDebugTests]/[method:occupiedSpaceMatchesBackingArrayLength()]
LRUClockMap.java,org.jugsaxony.demo9.LRUClockMap,org.pitest.mutationtest.engine.gregor.mutators.NegateConditionalsMutator,arraySize,570,KILLED,org.jugsaxony.demo9.LRUClockMapTest.[engine:junit-jupiter]/[class:org.jugsaxony.demo9.LRUClockMapTest]/[nested-class:DiagnosticsAndDebugTests]/[method:occupiedSpaceMatchesBackingArrayLength()]
LRUClockMap.java,org.jugsaxony.demo9.LRUClockMap,org.pitest.mutationtest.engine.gregor.mutators.returns.PrimitiveReturnsMutator,arraySize,574,KILLED,org.jugsaxony.demo9.LRUClockMapTest.[engine:junit-jupiter]/[class:org.jugsaxony.demo9.LRUClockMapTest]/[nested-class:DiagnosticsAndDebugTests]/[method:occupiedSpaceMatchesBackingArrayLength()]
LRUClockMap.java,org.jugsaxony.demo9.LRUClockMap,org.pitest.mutationtest.engine.gregor.mutators.VoidMethodCallMutator,clear,532,KILLED,org.jugsaxony.demo9.LRUClockMapTest.[engine:junit-jupiter]/[class:org.jugsaxony.demo9.LRUClockMapTest]/[nested-class:DiagnosticsAndDebugTests]/[method:trueSizeAlwaysMatchesActualOccupiedSlots()]
LRUClockMap.java,org.jugsaxony.demo9.LRUClockMap,org.pitest.mutationtest.engine.gregor.mutators.MathMutator,evict,408,KILLED,org.jugsaxony.demo9.LRUClockMapTest.[engine:junit-jupiter]/[class:org.jugsaxony.demo9.LRUClockMapTest]/[nested-class:LRUClockEvictionTests]/[method:getProtectsEntryFromEvictionViaSecondChance()]
LRUClockMap.java,org.jugsaxony.demo9.LRUClockMap,org.pitest.mutationtest.engine.gregor.mutators.MathMutator,evict,408,KILLED,org.jugsaxony.demo9.LRUClockMapTest.[engine:junit-jupiter]/[class:org.jugsaxony.demo9.LRUClockMapTest]/[nested-class:LRUClockEvictionTests]/[method:clockHandContinuityAcrossSuccessiveEvictions()]
LRUClockMap.java,org.jugsaxony.demo9.LRUClockMap,org.pitest.mutationtest.engine.gregor.mutators.NegateConditionalsMutator,evict,393,KILLED,org.jugsaxony.demo9.LRUClockMapTest.[engine:junit-jupiter]/[class:org.jugsaxony.demo9.LRUClockMapTest]/[nested-class:LRUClockEvictionTests]/[method:clockHandContinuityAcrossSuccessiveEvictions()]
LRUClockMap.java,org.jugsaxony.demo9.LRUClockMap,org.pitest.mutationtest.engine.gregor.mutators.NegateConditionalsMutator,evict,395,KILLED,org.jugsaxony.demo9.LRUClockMapTest.[engine:junit-jupiter]/[class:org.jugsaxony.demo9.LRUClockMapTest]/[nested-class:LRUClockEvictionTests]/[method:getProtectsEntryFromEvictionViaSecondChance()]
LRUClockMap.java,org.jugsaxony.demo9.LRUClockMap,org.pitest.mutationtest.engine.gregor.mutators.VoidMethodCallMutator,evict,398,KILLED,org.jugsaxony.demo9.LRUClockMapTest.[engine:junit-jupiter]/[class:org.jugsaxony.demo9.LRUClockMapTest]/[nested-class:LRUClockEvictionTests]/[method:clockHandContinuityAcrossSuccessiveEvictions()]
LRUClockMap.java,org.jugsaxony.demo9.LRUClockMap,org.pitest.mutationtest.engine.gregor.mutators.MathMutator,expensiveGet,214,KILLED,org.jugsaxony.demo9.LRUClockMapTest.[engine:junit-jupiter]/[class:org.jugsaxony.demo9.LRUClockMapTest]/[nested-class:CollisionAndProbingTests]/[method:collisionOverwriteKeyAlongProbeChain()]
LRUClockMap.java,org.jugsaxony.demo9.LRUClockMap,org.pitest.mutationtest.engine.gregor.mutators.MathMutator,expensiveGet,214,KILLED,org.jugsaxony.demo9.LRUClockMapTest.[engine:junit-jupiter]/[class:org.jugsaxony.demo9.LRUClockMapTest]/[nested-class:CollisionAndProbingTests]/[method:collisionOverwriteKeyAlongProbeChain()]
LRUClockMap.java,org.jugsaxony.demo9.LRUClockMap,org.pitest.mutationtest.engine.gregor.mutators.NegateConditionalsMutator,expensiveGet,217,KILLED,org.jugsaxony.demo9.LRUClockMapTest.[engine:junit-jupiter]/[class:org.jugsaxony.demo9.LRUClockMapTest]/[nested-class:CollisionAndProbingTests]/[method:collisionOverwriteKeyAlongProbeChain()]
LRUClockMap.java,org.jugsaxony.demo9.LRUClockMap,org.pitest.mutationtest.engine.gregor.mutators.NegateConditionalsMutator,expensiveGet,222,KILLED,org.jugsaxony.demo9.LRUClockMapTest.[engine:junit-jupiter]/[class:org.jugsaxony.demo9.LRUClockMapTest]/[nested-class:CollisionAndProbingTests]/[method:collisionOverwriteKeyAlongProbeChain()]
LRUClockMap.java,org.jugsaxony.demo9.LRUClockMap,org.pitest.mutationtest.engine.gregor.mutators.NegateConditionalsMutator,expensiveGet,224,KILLED,org.jugsaxony.demo9.LRUClockMapTest.[engine:junit-jupiter]/[class:org.jugsaxony.demo9.LRUClockMapTest]/[nested-class:LRUClockEvictionTests]/[method:expensiveGetProtectsEntryFromEviction()]
LRUClockMap.java,org.jugsaxony.demo9.LRUClockMap,org.pitest.mutationtest.engine.gregor.mutators.returns.NullReturnValsMutator,expensiveGet,231,KILLED,org.jugsaxony.demo9.LRUClockMapTest.[engine:junit-jupiter]/[class:org.jugsaxony.demo9.LRUClockMapTest]/[nested-class:CollisionAndProbingTests]/[method:collisionOverwriteKeyAlongProbeChain()]
LRUClockMap.java,org.jugsaxony.demo9.LRUClockMap,org.pitest.mutationtest.engine.gregor.mutators.MathMutator,freePositionAndAdjustArray,422,KILLED,org.jugsaxony.demo9.LRUClockMapTest.[engine:junit-jupiter]/[class:org.jugsaxony.demo9.LRUClockMapTest]/[nested-class:LRUClockEvictionTests]/[method:insertBeyondMaxSizeTriggersEviction()]
LRUClockMap.java,org.jugsaxony.demo9.LRUClockMap,org.pitest.mutationtest.engine.gregor.mutators.MathMutator,freePositionAndAdjustArray,428,KILLED,org.jugsaxony.demo9.LRUClockMapTest.[engine:junit-jupiter]/[class:org.jugsaxony.demo9.LRUClockMapTest]/[nested-class:CollisionAndProbingTests]/[method:negativeHashCodeHandledWithoutException()]
LRUClockMap.java,org.jugsaxony.demo9.LRUClockMap,org.pitest.mutationtest.engine.gregor.mutators.MathMutator,freePositionAndAdjustArray,428,KILLED,org.jugsaxony.demo9.LRUClockMapTest.[engine:junit-jupiter]/[class:org.jugsaxony.demo9.LRUClockMapTest]/[nested-class:LRUClockEvictionTests]/[method:clockHandContinuityAcrossSuccessiveEvictions()]
LRUClockMap.java,org.jugsaxony.demo9.LRUClockMap,org.pitest.mutationtest.engine.gregor.mutators.NegateConditionalsMutator,freePositionAndAdjustArray,431,KILLED,org.jugsaxony.demo9.LRUClockMapTest.[engine:junit-jupiter]/[class:org.jugsaxony.demo9.LRUClockMapTest]/[nested-class:LRUClockEvictionTests]/[method:clockHandContinuityAcrossSuccessiveEvictions()]
LRUClockMap.java,org.jugsaxony.demo9.LRUClockMap,org.pitest.mutationtest.engine.gregor.mutators.VoidMethodCallMutator,freePositionAndAdjustArray,437,KILLED,org.jugsaxony.demo9.LRUClockMapTest.[engine:junit-jupiter]/[class:org.jugsaxony.demo9.LRUClockMapTest]/[nested-class:LRUClockEvictionTests]/[method:insertBeyondMaxSizeTriggersEviction()]
LRUClockMap.java,org.jugsaxony.demo9.LRUClockMap,org.pitest.mutationtest.engine.gregor.mutators.MathMutator,get,171,KILLED,org.jugsaxony.demo9.LRUClockMapTest.[engine:junit-jupiter]/[class:org.jugsaxony.demo9.LRUClockMapTest]/[nested-class:BasicOperationsTests]/[method:emptyMapBehavior()]
LRUClockMap.java,org.jugsaxony.demo9.LRUClockMap,org.pitest.mutationtest.engine.gregor.mutators.NegateConditionalsMutator,get,174,KILLED,org.jugsaxony.demo9.LRUClockMapTest.[engine:junit-jupiter]/[class:org.jugsaxony.demo9.LRUClockMapTest]/[nested-class:BasicOperationsTests]/[method:emptyMapBehavior()]
LRUClockMap.java,org.jugsaxony.demo9.LRUClockMap,org.pitest.mutationtest.engine.gregor.mutators.NegateConditionalsMutator,get,179,KILLED,org.jugsaxony.demo9.LRUClockMapTest.[engine:junit-jupiter]/[class:org.jugsaxony.demo9.LRUClockMapTest]/[nested-class:BasicOperationsTests]/[method:putOverwriteReturnsOldValueAndPreservesSize()]
LRUClockMap.java,org.jugsaxony.demo9.LRUClockMap,org.pitest.mutationtest.engine.gregor.mutators.NegateConditionalsMutator,get,181,KILLED,org.jugsaxony.demo9.LRUClockMapTest.[engine:junit-jupiter]/[class:org.jugsaxony.demo9.LRUClockMapTest]/[nested-class:LRUClockEvictionTests]/[method:getProtectsEntryFromEvictionViaSecondChance()]
LRUClockMap.java,org.jugsaxony.demo9.LRUClockMap,org.pitest.mutationtest.engine.gregor.mutators.returns.NullReturnValsMutator,get,188,KILLED,org.jugsaxony.demo9.LRUClockMapTest.[engine:junit-jupiter]/[class:org.jugsaxony.demo9.LRUClockMapTest]/[nested-class:BasicOperationsTests]/[method:putOverwriteReturnsOldValueAndPreservesSize()]
LRUClockMap.java,org.jugsaxony.demo9.LRUClockMap,org.pitest.mutationtest.engine.gregor.mutators.returns.NullReturnValsMutator,get,196,KILLED,org.jugsaxony.demo9.LRUClockMapTest.[engine:junit-jupiter]/[class:org.jugsaxony.demo9.LRUClockMapTest]/[nested-class:CollisionAndProbingTests]/[method:collisionOverwriteKeyAlongProbeChain()]
LRUClockMap.java,org.jugsaxony.demo9.LRUClockMap,org.pitest.mutationtest.engine.gregor.mutators.ConditionalsBoundaryMutator,getDebugData,629,KILLED,org.jugsaxony.demo9.LRUClockMapTest.[engine:junit-jupiter]/[class:org.jugsaxony.demo9.LRUClockMapTest]/[nested-class:RemovalAndRealignTests]/[method:realignPreservesSecondChanceFlag()]
LRUClockMap.java,org.jugsaxony.demo9.LRUClockMap,org.pitest.mutationtest.engine.gregor.mutators.NegateConditionalsMutator,getDebugData,629,KILLED,org.jugsaxony.demo9.LRUClockMapTest.[engine:junit-jupiter]/[class:org.jugsaxony.demo9.LRUClockMapTest]/[nested-class:RemovalAndRealignTests]/[method:realignPreservesSecondChanceFlag()]
LRUClockMap.java,org.jugsaxony.demo9.LRUClockMap,org.pitest.mutationtest.engine.gregor.mutators.NegateConditionalsMutator,getDebugData,632,KILLED,org.jugsaxony.demo9.LRUClockMapTest.[engine:junit-jupiter]/[class:org.jugsaxony.demo9.LRUClockMapTest]/[nested-class:RemovalAndRealignTests]/[method:realignPreservesSecondChanceFlag()]
LRUClockMap.java,org.jugsaxony.demo9.LRUClockMap,org.pitest.mutationtest.engine.gregor.mutators.returns.EmptyObjectReturnValsMutator,getDebugData,642,KILLED,org.jugsaxony.demo9.LRUClockMapTest.[engine:junit-jupiter]/[class:org.jugsaxony.demo9.LRUClockMapTest]/[nested-class:RemovalAndRealignTests]/[method:realignPreservesSecondChanceFlag()]
LRUClockMap.java,org.jugsaxony.demo9.LRUClockMap,org.pitest.mutationtest.engine.gregor.mutators.MathMutator,getRaw,142,KILLED,org.jugsaxony.demo9.LRUClockMapTest.[engine:junit-jupiter]/[class:org.jugsaxony.demo9.LRUClockMapTest]/[nested-class:BasicOperationsTests]/[method:emptyMapBehavior()]
LRUClockMap.java,org.jugsaxony.demo9.LRUClockMap,org.pitest.mutationtest.engine.gregor.mutators.MathMutator,getRaw,157,KILLED,org.jugsaxony.demo9.LRUClockMapTest.[engine:junit-jupiter]/[class:org.jugsaxony.demo9.LRUClockMapTest]/[nested-class:CollisionAndProbingTests]/[method:collisionOverwriteKeyAlongProbeChain()]
LRUClockMap.java,org.jugsaxony.demo9.LRUClockMap,org.pitest.mutationtest.engine.gregor.mutators.MathMutator,getRaw,157,KILLED,org.jugsaxony.demo9.LRUClockMapTest.[engine:junit-jupiter]/[class:org.jugsaxony.demo9.LRUClockMapTest]/[nested-class:CollisionAndProbingTests]/[method:collisionOverwriteKeyAlongProbeChain()]
LRUClockMap.java,org.jugsaxony.demo9.LRUClockMap,org.pitest.mutationtest.engine.gregor.mutators.NegateConditionalsMutator,getRaw,148,KILLED,org.jugsaxony.demo9.LRUClockMapTest.[engine:junit-jupiter]/[class:org.jugsaxony.demo9.LRUClockMapTest]/[nested-class:BasicOperationsTests]/[method:emptyMapBehavior()]
LRUClockMap.java,org.jugsaxony.demo9.LRUClockMap,org.pitest.mutationtest.engine.gregor.mutators.NegateConditionalsMutator,getRaw,152,KILLED,org.jugsaxony.demo9.LRUClockMapTest.[engine:junit-jupiter]/[class:org.jugsaxony.demo9.LRUClockMapTest]/[nested-class:BasicOperationsTests]/[method:putOverwriteReturnsOldValueAndPreservesSize()]
LRUClockMap.java,org.jugsaxony.demo9.LRUClockMap,org.pitest.mutationtest.engine.gregor.mutators.returns.NullReturnValsMutator,getRaw,154,KILLED,org.jugsaxony.demo9.LRUClockMapTest.[engine:junit-jupiter]/[class:org.jugsaxony.demo9.LRUClockMapTest]/[nested-class:BasicOperationsTests]/[method:putOverwriteReturnsOldValueAndPreservesSize()]
LRUClockMap.java,org.jugsaxony.demo9.LRUClockMap,org.pitest.mutationtest.engine.gregor.mutators.ConditionalsBoundaryMutator,keys,515,KILLED,org.jugsaxony.demo9.LRUClockMapTest.[engine:junit-jupiter]/[class:org.jugsaxony.demo9.LRUClockMapTest]/[nested-class:BasicOperationsTests]/[method:keysReturnsDefensiveCopy()]
LRUClockMap.java,org.jugsaxony.demo9.LRUClockMap,org.pitest.mutationtest.engine.gregor.mutators.NegateConditionalsMutator,keys,515,KILLED,org.jugsaxony.demo9.LRUClockMapTest.[engine:junit-jupiter]/[class:org.jugsaxony.demo9.LRUClockMapTest]/[nested-class:BasicOperationsTests]/[method:keysReturnsDefensiveCopy()]
LRUClockMap.java,org.jugsaxony.demo9.LRUClockMap,org.pitest.mutationtest.engine.gregor.mutators.NegateConditionalsMutator,keys,518,KILLED,org.jugsaxony.demo9.LRUClockMapTest.[engine:junit-jupiter]/[class:org.jugsaxony.demo9.LRUClockMapTest]/[nested-class:BasicOperationsTests]/[method:keysReturnsDefensiveCopy()]
LRUClockMap.java,org.jugsaxony.demo9.LRUClockMap,org.pitest.mutationtest.engine.gregor.mutators.returns.EmptyObjectReturnValsMutator,keys,524,KILLED,org.jugsaxony.demo9.LRUClockMapTest.[engine:junit-jupiter]/[class:org.jugsaxony.demo9.LRUClockMapTest]/[nested-class:BasicOperationsTests]/[method:keysReturnsDefensiveCopy()]
LRUClockMap.java,org.jugsaxony.demo9.LRUClockMap,org.pitest.mutationtest.engine.gregor.mutators.MathMutator,mixHash,129,KILLED,org.jugsaxony.demo9.LRUClockMapTest.[engine:junit-jupiter]/[class:org.jugsaxony.demo9.LRUClockMapTest]/[nested-class:CollisionAndProbingTests]/[method:mixHashCalculationDirectTestViaReflection()]
LRUClockMap.java,org.jugsaxony.demo9.LRUClockMap,org.pitest.mutationtest.engine.gregor.mutators.MathMutator,mixHash,129,KILLED,org.jugsaxony.demo9.LRUClockMapTest.[engine:junit-jupiter]/[class:org.jugsaxony.demo9.LRUClockMapTest]/[nested-class:CollisionAndProbingTests]/[method:mixHashCalculationDirectTestViaReflection()]
LRUClockMap.java,org.jugsaxony.demo9.LRUClockMap,org.pitest.mutationtest.engine.gregor.mutators.returns.PrimitiveReturnsMutator,mixHash,129,KILLED,org.jugsaxony.demo9.LRUClockMapTest.[engine:junit-jupiter]/[class:org.jugsaxony.demo9.LRUClockMapTest]/[nested-class:CollisionAndProbingTests]/[method:mixHashCalculationDirectTestViaReflection()]
LRUClockMap.java,org.jugsaxony.demo9.LRUClockMap,org.pitest.mutationtest.engine.gregor.mutators.MathMutator,nextPowerOfTwo,550,KILLED,org.jugsaxony.demo9.LRUClockMapTest.[engine:junit-jupiter]/[class:org.jugsaxony.demo9.LRUClockMapTest]/[nested-class:DiagnosticsAndDebugTests]/[method:occupiedSpaceMatchesBackingArrayLength()]
LRUClockMap.java,org.jugsaxony.demo9.LRUClockMap,org.pitest.mutationtest.engine.gregor.mutators.MathMutator,nextPowerOfTwo,551,KILLED,org.jugsaxony.demo9.LRUClockMapTest.[engine:junit-jupiter]/[class:org.jugsaxony.demo9.LRUClockMapTest]/[nested-class:DiagnosticsAndDebugTests]/[method:occupiedSpaceMatchesBackingArrayLength()]
LRUClockMap.java,org.jugsaxony.demo9.LRUClockMap,org.pitest.mutationtest.engine.gregor.mutators.MathMutator,nextPowerOfTwo,551,KILLED,org.jugsaxony.demo9.LRUClockMapTest.[engine:junit-jupiter]/[class:org.jugsaxony.demo9.LRUClockMapTest]/[nested-class:DiagnosticsAndDebugTests]/[method:occupiedSpaceMatchesBackingArrayLength()]
LRUClockMap.java,org.jugsaxony.demo9.LRUClockMap,org.pitest.mutationtest.engine.gregor.mutators.MathMutator,nextPowerOfTwo,552,KILLED,org.jugsaxony.demo9.LRUClockMapTest.[engine:junit-jupiter]/[class:org.jugsaxony.demo9.LRUClockMapTest]/[nested-class:DiagnosticsAndDebugTests]/[method:occupiedSpaceMatchesBackingArrayLength()]
LRUClockMap.java,org.jugsaxony.demo9.LRUClockMap,org.pitest.mutationtest.engine.gregor.mutators.MathMutator,nextPowerOfTwo,552,KILLED,org.jugsaxony.demo9.LRUClockMapTest.[engine:junit-jupiter]/[class:org.jugsaxony.demo9.LRUClockMapTest]/[nested-class:DiagnosticsAndDebugTests]/[method:occupiedSpaceMatchesBackingArrayLength()]
LRUClockMap.java,org.jugsaxony.demo9.LRUClockMap,org.pitest.mutationtest.engine.gregor.mutators.MathMutator,nextPowerOfTwo,553,KILLED,org.jugsaxony.demo9.LRUClockMapTest.[engine:junit-jupiter]/[class:org.jugsaxony.demo9.LRUClockMapTest]/[nested-class:DiagnosticsAndDebugTests]/[method:occupiedSpaceMatchesBackingArrayLength()]
LRUClockMap.java,org.jugsaxony.demo9.LRUClockMap,org.pitest.mutationtest.engine.gregor.mutators.MathMutator,nextPowerOfTwo,553,KILLED,org.jugsaxony.demo9.LRUClockMapTest.[engine:junit-jupiter]/[class:org.jugsaxony.demo9.LRUClockMapTest]/[nested-class:DiagnosticsAndDebugTests]/[method:occupiedSpaceMatchesBackingArrayLength()]
LRUClockMap.java,org.jugsaxony.demo9.LRUClockMap,org.pitest.mutationtest.engine.gregor.mutators.MathMutator,nextPowerOfTwo,554,KILLED,org.jugsaxony.demo9.LRUClockMapTest.[engine:junit-jupiter]/[class:org.jugsaxony.demo9.LRUClockMapTest]/[nested-class:DiagnosticsAndDebugTests]/[method:occupiedSpaceMatchesBackingArrayLength()]
LRUClockMap.java,org.jugsaxony.demo9.LRUClockMap,org.pitest.mutationtest.engine.gregor.mutators.MathMutator,nextPowerOfTwo,554,KILLED,org.jugsaxony.demo9.LRUClockMapTest.[engine:junit-jupiter]/[class:org.jugsaxony.demo9.LRUClockMapTest]/[nested-class:DiagnosticsAndDebugTests]/[method:occupiedSpaceMatchesBackingArrayLength()]
LRUClockMap.java,org.jugsaxony.demo9.LRUClockMap,org.pitest.mutationtest.engine.gregor.mutators.MathMutator,nextPowerOfTwo,555,KILLED,org.jugsaxony.demo9.LRUClockMapTest.[engine:junit-jupiter]/[class:org.jugsaxony.demo9.LRUClockMapTest]/[nested-class:DiagnosticsAndDebugTests]/[method:occupiedSpaceMatchesBackingArrayLength()]
LRUClockMap.java,org.jugsaxony.demo9.LRUClockMap,org.pitest.mutationtest.engine.gregor.mutators.MathMutator,nextPowerOfTwo,555,KILLED,org.jugsaxony.demo9.LRUClockMapTest.[engine:junit-jupiter]/[class:org.jugsaxony.demo9.LRUClockMapTest]/[nested-class:DiagnosticsAndDebugTests]/[method:occupiedSpaceMatchesBackingArrayLength()]
LRUClockMap.java,org.jugsaxony.demo9.LRUClockMap,org.pitest.mutationtest.engine.gregor.mutators.MathMutator,nextPowerOfTwo,557,KILLED,org.jugsaxony.demo9.LRUClockMapTest.[engine:junit-jupiter]/[class:org.jugsaxony.demo9.LRUClockMapTest]/[nested-class:DiagnosticsAndDebugTests]/[method:occupiedSpaceMatchesBackingArrayLength()]
LRUClockMap.java,org.jugsaxony.demo9.LRUClockMap,org.pitest.mutationtest.engine.gregor.mutators.MathMutator,nextPowerOfTwo,557,KILLED,org.jugsaxony.demo9.LRUClockMapTest.[engine:junit-jupiter]/[class:org.jugsaxony.demo9.LRUClockMapTest]/[nested-class:DiagnosticsAndDebugTests]/[method:occupiedSpaceMatchesBackingArrayLength()]
LRUClockMap.java,org.jugsaxony.demo9.LRUClockMap,org.pitest.mutationtest.engine.gregor.mutators.MathMutator,nextPowerOfTwo,557,KILLED,org.jugsaxony.demo9.LRUClockMapTest.[engine:junit-jupiter]/[class:org.jugsaxony.demo9.LRUClockMapTest]/[nested-class:DiagnosticsAndDebugTests]/[method:occupiedSpaceMatchesBackingArrayLength()]
LRUClockMap.java,org.jugsaxony.demo9.LRUClockMap,org.pitest.mutationtest.engine.gregor.mutators.NegateConditionalsMutator,nextPowerOfTwo,546,KILLED,org.jugsaxony.demo9.LRUClockMapTest.[engine:junit-jupiter]/[class:org.jugsaxony.demo9.LRUClockMapTest]/[nested-class:DiagnosticsAndDebugTests]/[method:occupiedSpaceMatchesBackingArrayLength()]
LRUClockMap.java,org.jugsaxony.demo9.LRUClockMap,org.pitest.mutationtest.engine.gregor.mutators.returns.PrimitiveReturnsMutator,nextPowerOfTwo,548,KILLED,org.jugsaxony.demo9.LRUClockMapTest.[engine:junit-jupiter]/[class:org.jugsaxony.demo9.LRUClockMapTest]/[nested-class:ConstructorTests]/[method:nextPowerOfTwoDirectTestViaReflection()]
LRUClockMap.java,org.jugsaxony.demo9.LRUClockMap,org.pitest.mutationtest.engine.gregor.mutators.returns.PrimitiveReturnsMutator,nextPowerOfTwo,557,KILLED,org.jugsaxony.demo9.LRUClockMapTest.[engine:junit-jupiter]/[class:org.jugsaxony.demo9.LRUClockMapTest]/[nested-class:DiagnosticsAndDebugTests]/[method:occupiedSpaceMatchesBackingArrayLength()]
LRUClockMap.java,org.jugsaxony.demo9.LRUClockMap,org.pitest.mutationtest.engine.gregor.mutators.returns.PrimitiveReturnsMutator,occupiedSpace,481,KILLED,org.jugsaxony.demo9.LRUClockMapTest.[engine:junit-jupiter]/[class:org.jugsaxony.demo9.LRUClockMapTest]/[nested-class:DiagnosticsAndDebugTests]/[method:occupiedSpaceMatchesBackingArrayLength()]
LRUClockMap.java,org.jugsaxony.demo9.LRUClockMap,org.pitest.mutationtest.engine.gregor.mutators.MathMutator,put,251,KILLED,org.jugsaxony.demo9.LRUClockMapTest.[engine:junit-jupiter]/[class:org.jugsaxony.demo9.LRUClockMapTest]/[nested-class:BasicOperationsTests]/[method:keysReturnsDefensiveCopy()]
LRUClockMap.java,org.jugsaxony.demo9.LRUClockMap,org.pitest.mutationtest.engine.gregor.mutators.NegateConditionalsMutator,put,255,TIMED_OUT,none
LRUClockMap.java,org.jugsaxony.demo9.LRUClockMap,org.pitest.mutationtest.engine.gregor.mutators.NegateConditionalsMutator,put,260,KILLED,org.jugsaxony.demo9.LRUClockMapTest.[engine:junit-jupiter]/[class:org.jugsaxony.demo9.LRUClockMapTest]/[nested-class:LRUClockEvictionTests]/[method:updateExistingKeyAtMaxSizeDoesNotTriggerEviction()]
LRUClockMap.java,org.jugsaxony.demo9.LRUClockMap,org.pitest.mutationtest.engine.gregor.mutators.VoidMethodCallMutator,put,266,KILLED,org.jugsaxony.demo9.LRUClockMapTest.[engine:junit-jupiter]/[class:org.jugsaxony.demo9.LRUClockMapTest]/[nested-class:LRUClockEvictionTests]/[method:clockHandContinuityAcrossSuccessiveEvictions()]
LRUClockMap.java,org.jugsaxony.demo9.LRUClockMap,org.pitest.mutationtest.engine.gregor.mutators.returns.NullReturnValsMutator,put,263,KILLED,org.jugsaxony.demo9.LRUClockMapTest.[engine:junit-jupiter]/[class:org.jugsaxony.demo9.LRUClockMapTest]/[nested-class:LRUClockEvictionTests]/[method:updateExistingKeyAtMaxSizeDoesNotTriggerEviction()]
LRUClockMap.java,org.jugsaxony.demo9.LRUClockMap,org.pitest.mutationtest.engine.gregor.mutators.returns.NullReturnValsMutator,put,271,KILLED,org.jugsaxony.demo9.LRUClockMapTest.[engine:junit-jupiter]/[class:org.jugsaxony.demo9.LRUClockMapTest]/[nested-class:CollisionAndProbingTests]/[method:collisionOverwriteKeyAlongProbeChain()]
LRUClockMap.java,org.jugsaxony.demo9.LRUClockMap,org.pitest.mutationtest.engine.gregor.mutators.MathMutator,putInternal,294,KILLED,org.jugsaxony.demo9.LRUClockMapTest.[engine:junit-jupiter]/[class:org.jugsaxony.demo9.LRUClockMapTest]/[nested-class:BasicOperationsTests]/[method:keysReturnsDefensiveCopy()]
LRUClockMap.java,org.jugsaxony.demo9.LRUClockMap,org.pitest.mutationtest.engine.gregor.mutators.MathMutator,putInternal,308,KILLED,org.jugsaxony.demo9.LRUClockMapTest.[engine:junit-jupiter]/[class:org.jugsaxony.demo9.LRUClockMapTest]/[nested-class:CollisionAndProbingTests]/[method:collisionOverwriteKeyAlongProbeChain()]
LRUClockMap.java,org.jugsaxony.demo9.LRUClockMap,org.pitest.mutationtest.engine.gregor.mutators.MathMutator,putInternal,308,KILLED,org.jugsaxony.demo9.LRUClockMapTest.[engine:junit-jupiter]/[class:org.jugsaxony.demo9.LRUClockMapTest]/[nested-class:CollisionAndProbingTests]/[method:collisionOverwriteKeyAlongProbeChain()]
LRUClockMap.java,org.jugsaxony.demo9.LRUClockMap,org.pitest.mutationtest.engine.gregor.mutators.NegateConditionalsMutator,putInternal,289,KILLED,org.jugsaxony.demo9.LRUClockMapTest.[engine:junit-jupiter]/[class:org.jugsaxony.demo9.LRUClockMapTest]/[nested-class:BasicOperationsTests]/[method:keysReturnsDefensiveCopy()]
LRUClockMap.java,org.jugsaxony.demo9.LRUClockMap,org.pitest.mutationtest.engine.gregor.mutators.NegateConditionalsMutator,putInternal,298,KILLED,org.jugsaxony.demo9.LRUClockMapTest.[engine:junit-jupiter]/[class:org.jugsaxony.demo9.LRUClockMapTest]/[nested-class:RemovalAndRealignTests]/[method:removeNonExistentKeyInOccupiedClusterReturnsNull()]
LRUClockMap.java,org.jugsaxony.demo9.LRUClockMap,org.pitest.mutationtest.engine.gregor.mutators.returns.NullReturnValsMutator,putInternal,305,KILLED,org.jugsaxony.demo9.LRUClockMapTest.[engine:junit-jupiter]/[class:org.jugsaxony.demo9.LRUClockMapTest]/[nested-class:BasicOperationsTests]/[method:putOverwriteReturnsOldValueAndPreservesSize()]
LRUClockMap.java,org.jugsaxony.demo9.LRUClockMap,org.pitest.mutationtest.engine.gregor.mutators.MathMutator,realign,449,KILLED,org.jugsaxony.demo9.LRUClockMapTest.[engine:junit-jupiter]/[class:org.jugsaxony.demo9.LRUClockMapTest]/[nested-class:LRUClockEvictionTests]/[method:insertBeyondMaxSizeTriggersEviction()]
LRUClockMap.java,org.jugsaxony.demo9.LRUClockMap,org.pitest.mutationtest.engine.gregor.mutators.MathMutator,realign,461,KILLED,org.jugsaxony.demo9.LRUClockMapTest.[engine:junit-jupiter]/[class:org.jugsaxony.demo9.LRUClockMapTest]/[nested-class:RemovalAndRealignTests]/[method:removeWithClusterWrappingAroundArrayBoundary()]
LRUClockMap.java,org.jugsaxony.demo9.LRUClockMap,org.pitest.mutationtest.engine.gregor.mutators.MathMutator,realign,461,KILLED,org.jugsaxony.demo9.LRUClockMapTest.[engine:junit-jupiter]/[class:org.jugsaxony.demo9.LRUClockMapTest]/[nested-class:RemovalAndRealignTests]/[method:removeWithClusterWrappingAroundArrayBoundary()]
LRUClockMap.java,org.jugsaxony.demo9.LRUClockMap,org.pitest.mutationtest.engine.gregor.mutators.NegateConditionalsMutator,realign,455,TIMED_OUT,none
LRUClockMap.java,org.jugsaxony.demo9.LRUClockMap,org.pitest.mutationtest.engine.gregor.mutators.MathMutator,remove,357,KILLED,org.jugsaxony.demo9.LRUClockMapTest.[engine:junit-jupiter]/[class:org.jugsaxony.demo9.LRUClockMapTest]/[nested-class:BasicOperationsTests]/[method:removeNonExistentEntryReturnsNull()]
LRUClockMap.java,org.jugsaxony.demo9.LRUClockMap,org.pitest.mutationtest.engine.gregor.mutators.MathMutator,remove,378,KILLED,org.jugsaxony.demo9.LRUClockMapTest.[engine:junit-jupiter]/[class:org.jugsaxony.demo9.LRUClockMapTest]/[nested-class:RemovalAndRealignTests]/[method:removeTailOfCollisionClusterLeavesPrecedingIntact()]
LRUClockMap.java,org.jugsaxony.demo9.LRUClockMap,org.pitest.mutationtest.engine.gregor.mutators.MathMutator,remove,378,KILLED,org.jugsaxony.demo9.LRUClockMapTest.[engine:junit-jupiter]/[class:org.jugsaxony.demo9.LRUClockMapTest]/[nested-class:RemovalAndRealignTests]/[method:removeTailOfCollisionClusterLeavesPrecedingIntact()]
LRUClockMap.java,org.jugsaxony.demo9.LRUClockMap,org.pitest.mutationtest.engine.gregor.mutators.NegateConditionalsMutator,remove,363,KILLED,org.jugsaxony.demo9.LRUClockMapTest.[engine:junit-jupiter]/[class:org.jugsaxony.demo9.LRUClockMapTest]/[nested-class:BasicOperationsTests]/[method:removeNonExistentEntryReturnsNull()]
LRUClockMap.java,org.jugsaxony.demo9.LRUClockMap,org.pitest.mutationtest.engine.gregor.mutators.NegateConditionalsMutator,remove,369,KILLED,org.jugsaxony.demo9.LRUClockMapTest.[engine:junit-jupiter]/[class:org.jugsaxony.demo9.LRUClockMapTest]/[nested-class:RemovalAndRealignTests]/[method:removeNonExistentKeyInOccupiedClusterReturnsNull()]
LRUClockMap.java,org.jugsaxony.demo9.LRUClockMap,org.pitest.mutationtest.engine.gregor.mutators.VoidMethodCallMutator,remove,373,KILLED,org.jugsaxony.demo9.LRUClockMapTest.[engine:junit-jupiter]/[class:org.jugsaxony.demo9.LRUClockMapTest]/[nested-class:RemovalAndRealignTests]/[method:removeTailOfCollisionClusterLeavesPrecedingIntact()]
LRUClockMap.java,org.jugsaxony.demo9.LRUClockMap,org.pitest.mutationtest.engine.gregor.mutators.returns.NullReturnValsMutator,remove,375,KILLED,org.jugsaxony.demo9.LRUClockMapTest.[engine:junit-jupiter]/[class:org.jugsaxony.demo9.LRUClockMapTest]/[nested-class:RemovalAndRealignTests]/[method:removeTailOfCollisionClusterLeavesPrecedingIntact()]
LRUClockMap.java,org.jugsaxony.demo9.LRUClockMap,org.pitest.mutationtest.engine.gregor.mutators.returns.PrimitiveReturnsMutator,size,472,KILLED,org.jugsaxony.demo9.LRUClockMapTest.[engine:junit-jupiter]/[class:org.jugsaxony.demo9.LRUClockMapTest]/[nested-class:BasicOperationsTests]/[method:keysReturnsDefensiveCopy()]
LRUClockMap.java,org.jugsaxony.demo9.LRUClockMap,org.pitest.mutationtest.engine.gregor.mutators.ConditionalsBoundaryMutator,toString,583,KILLED,org.jugsaxony.demo9.LRUClockMapTest.[engine:junit-jupiter]/[class:org.jugsaxony.demo9.LRUClockMapTest]/[nested-class:DiagnosticsAndDebugTests]/[method:toStringFormatsCorrectlyForSmallMap()]
LRUClockMap.java,org.jugsaxony.demo9.LRUClockMap,org.pitest.mutationtest.engine.gregor.mutators.NegateConditionalsMutator,toString,583,KILLED,org.jugsaxony.demo9.LRUClockMapTest.[engine:junit-jupiter]/[class:org.jugsaxony.demo9.LRUClockMapTest]/[nested-class:DiagnosticsAndDebugTests]/[method:toStringFormatsCorrectlyForSmallMap()]
LRUClockMap.java,org.jugsaxony.demo9.LRUClockMap,org.pitest.mutationtest.engine.gregor.mutators.NegateConditionalsMutator,toString,586,KILLED,org.jugsaxony.demo9.LRUClockMapTest.[engine:junit-jupiter]/[class:org.jugsaxony.demo9.LRUClockMapTest]/[nested-class:DiagnosticsAndDebugTests]/[method:toStringFormatsCorrectlyForSmallMap()]
LRUClockMap.java,org.jugsaxony.demo9.LRUClockMap,org.pitest.mutationtest.engine.gregor.mutators.returns.EmptyObjectReturnValsMutator,toString,599,KILLED,org.jugsaxony.demo9.LRUClockMapTest.[engine:junit-jupiter]/[class:org.jugsaxony.demo9.LRUClockMapTest]/[nested-class:DiagnosticsAndDebugTests]/[method:toStringFormatsCorrectlyForSmallMap()]
LRUClockMap.java,org.jugsaxony.demo9.LRUClockMap,org.pitest.mutationtest.engine.gregor.mutators.IncrementsMutator,trueSize,497,KILLED,org.jugsaxony.demo9.LRUClockMapTest.[engine:junit-jupiter]/[class:org.jugsaxony.demo9.LRUClockMapTest]/[nested-class:BasicOperationsTests]/[method:removeNonExistentEntryReturnsNull()]
LRUClockMap.java,org.jugsaxony.demo9.LRUClockMap,org.pitest.mutationtest.engine.gregor.mutators.NegateConditionalsMutator,trueSize,495,KILLED,org.jugsaxony.demo9.LRUClockMapTest.[engine:junit-jupiter]/[class:org.jugsaxony.demo9.LRUClockMapTest]/[nested-class:BasicOperationsTests]/[method:removeNonExistentEntryReturnsNull()]
LRUClockMap.java,org.jugsaxony.demo9.LRUClockMap,org.pitest.mutationtest.engine.gregor.mutators.returns.PrimitiveReturnsMutator,trueSize,500,KILLED,org.jugsaxony.demo9.LRUClockMapTest.[engine:junit-jupiter]/[class:org.jugsaxony.demo9.LRUClockMapTest]/[nested-class:BasicOperationsTests]/[method:removeNonExistentEntryReturnsNull()]
LRUClockMap.java,org.jugsaxony.demo9.LRUClockMap,org.pitest.mutationtest.engine.gregor.mutators.MathMutator,update,344,KILLED,org.jugsaxony.demo9.LRUClockMapTest.[engine:junit-jupiter]/[class:org.jugsaxony.demo9.LRUClockMapTest]/[nested-class:LRUClockEvictionTests]/[method:updateProbedKeyAtMaxSizeDoesNotTriggerEviction()]
LRUClockMap.java,org.jugsaxony.demo9.LRUClockMap,org.pitest.mutationtest.engine.gregor.mutators.MathMutator,update,344,KILLED,org.jugsaxony.demo9.LRUClockMapTest.[engine:junit-jupiter]/[class:org.jugsaxony.demo9.LRUClockMapTest]/[nested-class:LRUClockEvictionTests]/[method:updateProbedKeyAtMaxSizeDoesNotTriggerEviction()]
LRUClockMap.java,org.jugsaxony.demo9.LRUClockMap,org.pitest.mutationtest.engine.gregor.mutators.NegateConditionalsMutator,update,328,KILLED,org.jugsaxony.demo9.LRUClockMapTest.[engine:junit-jupiter]/[class:org.jugsaxony.demo9.LRUClockMapTest]/[nested-class:LRUClockEvictionTests]/[method:updateExistingKeyAtMaxSizeDoesNotTriggerEviction()]
LRUClockMap.java,org.jugsaxony.demo9.LRUClockMap,org.pitest.mutationtest.engine.gregor.mutators.NegateConditionalsMutator,update,334,KILLED,org.jugsaxony.demo9.LRUClockMapTest.[engine:junit-jupiter]/[class:org.jugsaxony.demo9.LRUClockMapTest]/[nested-class:LRUClockEvictionTests]/[method:updateExistingKeyAtMaxSizeDoesNotTriggerEviction()]
LRUClockMap.java,org.jugsaxony.demo9.LRUClockMap,org.pitest.mutationtest.engine.gregor.mutators.returns.NullReturnValsMutator,update,341,KILLED,org.jugsaxony.demo9.LRUClockMapTest.[engine:junit-jupiter]/[class:org.jugsaxony.demo9.LRUClockMapTest]/[nested-class:LRUClockEvictionTests]/[method:updateExistingKeyAtMaxSizeDoesNotTriggerEviction()]
FastHashMap.java,org.jugsaxony.demo9.FastHashMap,org.pitest.mutationtest.engine.gregor.mutators.ConditionalsBoundaryMutator,<init>,109,KILLED,org.jugsaxony.demo9.FastHashMapTest.[engine:junit-jupiter]/[class:org.jugsaxony.demo9.FastHashMapTest]/[nested-class:ConstructorTests]/[method:customCapacityRoundsUpToPowerOfTwo()]
FastHashMap.java,org.jugsaxony.demo9.FastHashMap,org.pitest.mutationtest.engine.gregor.mutators.ConditionalsBoundaryMutator,<init>,113,KILLED,org.jugsaxony.demo9.FastHashMapTest.[engine:junit-jupiter]/[class:org.jugsaxony.demo9.FastHashMapTest]/[nested-class:ConstructorTests]/[test-template:invalidLoadFactorThrowsIllegalArgumentException(float)]/[test-template-invocation:#2]
FastHashMap.java,org.jugsaxony.demo9.FastHashMap,org.pitest.mutationtest.engine.gregor.mutators.ConditionalsBoundaryMutator,<init>,113,KILLED,org.jugsaxony.demo9.FastHashMapTest.[engine:junit-jupiter]/[class:org.jugsaxony.demo9.FastHashMapTest]/[nested-class:ConstructorTests]/[test-template:invalidLoadFactorThrowsIllegalArgumentException(float)]/[test-template-invocation:#3]
FastHashMap.java,org.jugsaxony.demo9.FastHashMap,org.pitest.mutationtest.engine.gregor.mutators.MathMutator,<init>,120,KILLED,org.jugsaxony.demo9.FastHashMapTest.[engine:junit-jupiter]/[class:org.jugsaxony.demo9.FastHashMapTest]/[nested-class:BasicOperationsTests]/[method:removeNonExistentEntryReturnsNull()]
FastHashMap.java,org.jugsaxony.demo9.FastHashMap,org.pitest.mutationtest.engine.gregor.mutators.NegateConditionalsMutator,<init>,109,KILLED,org.jugsaxony.demo9.FastHashMapTest.[engine:junit-jupiter]/[class:org.jugsaxony.demo9.FastHashMapTest]/[nested-class:ConstructorTests]/[method:negativeCapacityThrowsIllegalArgumentException()]
FastHashMap.java,org.jugsaxony.demo9.FastHashMap,org.pitest.mutationtest.engine.gregor.mutators.NegateConditionalsMutator,<init>,113,KILLED,org.jugsaxony.demo9.FastHashMapTest.[engine:junit-jupiter]/[class:org.jugsaxony.demo9.FastHashMapTest]/[nested-class:ConstructorTests]/[test-template:invalidLoadFactorThrowsIllegalArgumentException(float)]/[test-template-invocation:#2]
FastHashMap.java,org.jugsaxony.demo9.FastHashMap,org.pitest.mutationtest.engine.gregor.mutators.NegateConditionalsMutator,<init>,113,KILLED,org.jugsaxony.demo9.FastHashMapTest.[engine:junit-jupiter]/[class:org.jugsaxony.demo9.FastHashMapTest]/[nested-class:ConstructorTests]/[test-template:invalidLoadFactorThrowsIllegalArgumentException(float)]/[test-template-invocation:#5]
FastHashMap.java,org.jugsaxony.demo9.FastHashMap,org.pitest.mutationtest.engine.gregor.mutators.NegateConditionalsMutator,<init>,113,KILLED,org.jugsaxony.demo9.FastHashMapTest.[engine:junit-jupiter]/[class:org.jugsaxony.demo9.FastHashMapTest]/[nested-class:ConstructorTests]/[test-template:invalidLoadFactorThrowsIllegalArgumentException(float)]/[test-template-invocation:#4]
FastHashMap.java,org.jugsaxony.demo9.FastHashMap,org.pitest.mutationtest.engine.gregor.mutators.ConditionalsBoundaryMutator,calculateCapacity,405,TIMED_OUT,none
FastHashMap.java,org.jugsaxony.demo9.FastHashMap,org.pitest.mutationtest.engine.gregor.mutators.ConditionalsBoundaryMutator,calculateCapacity,410,KILLED,org.jugsaxony.demo9.FastHashMapTest.[engine:junit-jupiter]/[class:org.jugsaxony.demo9.FastHashMapTest]/[nested-class:ConstructorTests]/[method:customCapacityRoundsUpToPowerOfTwo()]
FastHashMap.java,org.jugsaxony.demo9.FastHashMap,org.pitest.mutationtest.engine.gregor.mutators.MathMutator,calculateCapacity,412,KILLED,org.jugsaxony.demo9.FastHashMapTest.[engine:junit-jupiter]/[class:org.jugsaxony.demo9.FastHashMapTest]/[nested-class:ConstructorTests]/[method:customCapacityRoundsUpToPowerOfTwo()]
FastHashMap.java,org.jugsaxony.demo9.FastHashMap,org.pitest.mutationtest.engine.gregor.mutators.NegateConditionalsMutator,calculateCapacity,405,KILLED,org.jugsaxony.demo9.FastHashMapTest.[engine:junit-jupiter]/[class:org.jugsaxony.demo9.FastHashMapTest]/[nested-class:ConstructorTests]/[method:customCapacityRoundsUpToPowerOfTwo()]
FastHashMap.java,org.jugsaxony.demo9.FastHashMap,org.pitest.mutationtest.engine.gregor.mutators.NegateConditionalsMutator,calculateCapacity,410,KILLED,org.jugsaxony.demo9.FastHashMapTest.[engine:junit-jupiter]/[class:org.jugsaxony.demo9.FastHashMapTest]/[nested-class:ConstructorTests]/[method:customCapacityRoundsUpToPowerOfTwo()]
FastHashMap.java,org.jugsaxony.demo9.FastHashMap,org.pitest.mutationtest.engine.gregor.mutators.returns.PrimitiveReturnsMutator,calculateCapacity,407,KILLED,org.jugsaxony.demo9.FastHashMapTest.[engine:junit-jupiter]/[class:org.jugsaxony.demo9.FastHashMapTest]/[nested-class:ConstructorTests]/[method:customCapacityRoundsUpToPowerOfTwo()]
FastHashMap.java,org.jugsaxony.demo9.FastHashMap,org.pitest.mutationtest.engine.gregor.mutators.returns.PrimitiveReturnsMutator,calculateCapacity,414,KILLED,org.jugsaxony.demo9.FastHashMapTest.[engine:junit-jupiter]/[class:org.jugsaxony.demo9.FastHashMapTest]/[nested-class:ConstructorTests]/[method:customCapacityRoundsUpToPowerOfTwo()]
FastHashMap.java,org.jugsaxony.demo9.FastHashMap,org.pitest.mutationtest.engine.gregor.mutators.ConditionalsBoundaryMutator,calculateThreshold,427,SURVIVED,none
FastHashMap.java,org.jugsaxony.demo9.FastHashMap,org.pitest.mutationtest.engine.gregor.mutators.MathMutator,calculateThreshold,426,KILLED,org.jugsaxony.demo9.FastHashMapTest.[engine:junit-jupiter]/[class:org.jugsaxony.demo9.FastHashMapTest]/[nested-class:DynamicResizingTests]/[method:mapExpandsWhenExceedingThreshold()]
FastHashMap.java,org.jugsaxony.demo9.FastHashMap,org.pitest.mutationtest.engine.gregor.mutators.MathMutator,calculateThreshold,427,NO_COVERAGE,none
FastHashMap.java,org.jugsaxony.demo9.FastHashMap,org.pitest.mutationtest.engine.gregor.mutators.NegateConditionalsMutator,calculateThreshold,427,KILLED,org.jugsaxony.demo9.FastHashMapTest.[engine:junit-jupiter]/[class:org.jugsaxony.demo9.FastHashMapTest]/[nested-class:DynamicResizingTests]/[method:mapExpandsWhenExceedingThreshold()]
FastHashMap.java,org.jugsaxony.demo9.FastHashMap,org.pitest.mutationtest.engine.gregor.mutators.returns.PrimitiveReturnsMutator,calculateThreshold,427,TIMED_OUT,none
FastHashMap.java,org.jugsaxony.demo9.FastHashMap,org.pitest.mutationtest.engine.gregor.mutators.returns.PrimitiveReturnsMutator,capacity,351,KILLED,org.jugsaxony.demo9.FastHashMapTest.[engine:junit-jupiter]/[class:org.jugsaxony.demo9.FastHashMapTest]/[nested-class:ConstructorTests]/[method:customCapacityRoundsUpToPowerOfTwo()]
FastHashMap.java,org.jugsaxony.demo9.FastHashMap,org.pitest.mutationtest.engine.gregor.mutators.VoidMethodCallMutator,clear,338,KILLED,org.jugsaxony.demo9.FastHashMapTest.[engine:junit-jupiter]/[class:org.jugsaxony.demo9.FastHashMapTest]/[nested-class:BasicOperationsTests]/[method:clearEmptiesMapAndAllowsReuse()]
FastHashMap.java,org.jugsaxony.demo9.FastHashMap,org.pitest.mutationtest.engine.gregor.mutators.VoidMethodCallMutator,clear,339,SURVIVED,none
FastHashMap.java,org.jugsaxony.demo9.FastHashMap,org.pitest.mutationtest.engine.gregor.mutators.MathMutator,get,150,KILLED,org.jugsaxony.demo9.FastHashMapTest.[engine:junit-jupiter]/[class:org.jugsaxony.demo9.FastHashMapTest]/[nested-class:BasicOperationsTests]/[method:putAndGetSingleEntry()]
FastHashMap.java,org.jugsaxony.demo9.FastHashMap,org.pitest.mutationtest.engine.gregor.mutators.MathMutator,get,164,KILLED,org.jugsaxony.demo9.FastHashMapTest.[engine:junit-jupiter]/[class:org.jugsaxony.demo9.FastHashMapTest]/[nested-class:CollisionAndShiftDeletionTests]/[method:multipleCollidingKeysAreAllStoredAndRetrieved()]
FastHashMap.java,org.jugsaxony.demo9.FastHashMap,org.pitest.mutationtest.engine.gregor.mutators.MathMutator,get,164,KILLED,org.jugsaxony.demo9.FastHashMapTest.[engine:junit-jupiter]/[class:org.jugsaxony.demo9.FastHashMapTest]/[nested-class:CollisionAndShiftDeletionTests]/[method:multipleCollidingKeysAreAllStoredAndRetrieved()]
FastHashMap.java,org.jugsaxony.demo9.FastHashMap,org.pitest.mutationtest.engine.gregor.mutators.NegateConditionalsMutator,get,155,KILLED,org.jugsaxony.demo9.FastHashMapTest.[engine:junit-jupiter]/[class:org.jugsaxony.demo9.FastHashMapTest]/[nested-class:BasicOperationsTests]/[method:putAndGetSingleEntry()]
FastHashMap.java,org.jugsaxony.demo9.FastHashMap,org.pitest.mutationtest.engine.gregor.mutators.NegateConditionalsMutator,get,159,KILLED,org.jugsaxony.demo9.FastHashMapTest.[engine:junit-jupiter]/[class:org.jugsaxony.demo9.FastHashMapTest]/[nested-class:BasicOperationsTests]/[method:putAndGetSingleEntry()]
FastHashMap.java,org.jugsaxony.demo9.FastHashMap,org.pitest.mutationtest.engine.gregor.mutators.returns.NullReturnValsMutator,get,161,KILLED,org.jugsaxony.demo9.FastHashMapTest.[engine:junit-jupiter]/[class:org.jugsaxony.demo9.FastHashMapTest]/[nested-class:BasicOperationsTests]/[method:putAndGetSingleEntry()]
FastHashMap.java,org.jugsaxony.demo9.FastHashMap,org.pitest.mutationtest.engine.gregor.mutators.ConditionalsBoundaryMutator,keys,296,KILLED,org.jugsaxony.demo9.FastHashMapTest.[engine:junit-jupiter]/[class:org.jugsaxony.demo9.FastHashMapTest]/[nested-class:ConstructorTests]/[method:defaultConstructorInitializesValidMap()]
FastHashMap.java,org.jugsaxony.demo9.FastHashMap,org.pitest.mutationtest.engine.gregor.mutators.NegateConditionalsMutator,keys,296,KILLED,org.jugsaxony.demo9.FastHashMapTest.[engine:junit-jupiter]/[class:org.jugsaxony.demo9.FastHashMapTest]/[nested-class:CollectionViewsTests]/[method:correspondingKeyAndValueOrder()]
FastHashMap.java,org.jugsaxony.demo9.FastHashMap,org.pitest.mutationtest.engine.gregor.mutators.NegateConditionalsMutator,keys,299,KILLED,org.jugsaxony.demo9.FastHashMapTest.[engine:junit-jupiter]/[class:org.jugsaxony.demo9.FastHashMapTest]/[nested-class:ConstructorTests]/[method:defaultConstructorInitializesValidMap()]
FastHashMap.java,org.jugsaxony.demo9.FastHashMap,org.pitest.mutationtest.engine.gregor.mutators.returns.EmptyObjectReturnValsMutator,keys,305,KILLED,org.jugsaxony.demo9.FastHashMapTest.[engine:junit-jupiter]/[class:org.jugsaxony.demo9.FastHashMapTest]/[nested-class:CollectionViewsTests]/[method:correspondingKeyAndValueOrder()]
FastHashMap.java,org.jugsaxony.demo9.FastHashMap,org.pitest.mutationtest.engine.gregor.mutators.MathMutator,mixHash,136,SURVIVED,none
FastHashMap.java,org.jugsaxony.demo9.FastHashMap,org.pitest.mutationtest.engine.gregor.mutators.MathMutator,mixHash,136,TIMED_OUT,none
FastHashMap.java,org.jugsaxony.demo9.FastHashMap,org.pitest.mutationtest.engine.gregor.mutators.returns.PrimitiveReturnsMutator,mixHash,136,TIMED_OUT,none
FastHashMap.java,org.jugsaxony.demo9.FastHashMap,org.pitest.mutationtest.engine.gregor.mutators.ConditionalsBoundaryMutator,put,189,KILLED,org.jugsaxony.demo9.FastHashMapTest.[engine:junit-jupiter]/[class:org.jugsaxony.demo9.FastHashMapTest]/[nested-class:DynamicResizingTests]/[method:mapExpandsWhenExceedingThreshold()]
FastHashMap.java,org.jugsaxony.demo9.FastHashMap,org.pitest.mutationtest.engine.gregor.mutators.MathMutator,put,181,KILLED,org.jugsaxony.demo9.FastHashMapTest.[engine:junit-jupiter]/[class:org.jugsaxony.demo9.FastHashMapTest]/[nested-class:BasicOperationsTests]/[method:removeNonExistentEntryReturnsNull()]
FastHashMap.java,org.jugsaxony.demo9.FastHashMap,org.pitest.mutationtest.engine.gregor.mutators.MathMutator,put,191,TIMED_OUT,none
FastHashMap.java,org.jugsaxony.demo9.FastHashMap,org.pitest.mutationtest.engine.gregor.mutators.MathMutator,put,193,KILLED,org.jugsaxony.demo9.FastHashMapTest.[engine:junit-jupiter]/[class:org.jugsaxony.demo9.FastHashMapTest]/[nested-class:DynamicResizingTests]/[method:mapExpandsWhenExceedingThreshold()]
FastHashMap.java,org.jugsaxony.demo9.FastHashMap,org.pitest.mutationtest.engine.gregor.mutators.MathMutator,put,196,KILLED,org.jugsaxony.demo9.FastHashMapTest.[engine:junit-jupiter]/[class:org.jugsaxony.demo9.FastHashMapTest]/[nested-class:DifferentialStressTests]/[method:randomizedOperationsEquivalence()]
FastHashMap.java,org.jugsaxony.demo9.FastHashMap,org.pitest.mutationtest.engine.gregor.mutators.MathMutator,put,196,KILLED,org.jugsaxony.demo9.FastHashMapTest.[engine:junit-jupiter]/[class:org.jugsaxony.demo9.FastHashMapTest]/[nested-class:DifferentialStressTests]/[method:randomizedOperationsEquivalence()]
FastHashMap.java,org.jugsaxony.demo9.FastHashMap,org.pitest.mutationtest.engine.gregor.mutators.MathMutator,put,202,KILLED,org.jugsaxony.demo9.FastHashMapTest.[engine:junit-jupiter]/[class:org.jugsaxony.demo9.FastHashMapTest]/[nested-class:BasicOperationsTests]/[method:removeNonExistentEntryReturnsNull()]
FastHashMap.java,org.jugsaxony.demo9.FastHashMap,org.pitest.mutationtest.engine.gregor.mutators.MathMutator,put,214,KILLED,org.jugsaxony.demo9.FastHashMapTest.[engine:junit-jupiter]/[class:org.jugsaxony.demo9.FastHashMapTest]/[nested-class:CollisionAndShiftDeletionTests]/[method:multipleCollidingKeysAreAllStoredAndRetrieved()]
FastHashMap.java,org.jugsaxony.demo9.FastHashMap,org.pitest.mutationtest.engine.gregor.mutators.MathMutator,put,214,KILLED,org.jugsaxony.demo9.FastHashMapTest.[engine:junit-jupiter]/[class:org.jugsaxony.demo9.FastHashMapTest]/[nested-class:CollisionAndShiftDeletionTests]/[method:multipleCollidingKeysAreAllStoredAndRetrieved()]
FastHashMap.java,org.jugsaxony.demo9.FastHashMap,org.pitest.mutationtest.engine.gregor.mutators.NegateConditionalsMutator,put,186,KILLED,org.jugsaxony.demo9.FastHashMapTest.[engine:junit-jupiter]/[class:org.jugsaxony.demo9.FastHashMapTest]/[nested-class:BasicOperationsTests]/[method:removeNonExistentEntryReturnsNull()]
FastHashMap.java,org.jugsaxony.demo9.FastHashMap,org.pitest.mutationtest.engine.gregor.mutators.NegateConditionalsMutator,put,189,KILLED,org.jugsaxony.demo9.FastHashMapTest.[engine:junit-jupiter]/[class:org.jugsaxony.demo9.FastHashMapTest]/[nested-class:DynamicResizingTests]/[method:mapExpandsWhenExceedingThreshold()]
FastHashMap.java,org.jugsaxony.demo9.FastHashMap,org.pitest.mutationtest.engine.gregor.mutators.NegateConditionalsMutator,put,194,KILLED,org.jugsaxony.demo9.FastHashMapTest.[engine:junit-jupiter]/[class:org.jugsaxony.demo9.FastHashMapTest]/[nested-class:DynamicResizingTests]/[method:mapExpandsWhenExceedingThreshold()]
FastHashMap.java,org.jugsaxony.demo9.FastHashMap,org.pitest.mutationtest.engine.gregor.mutators.NegateConditionalsMutator,put,207,KILLED,org.jugsaxony.demo9.FastHashMapTest.[engine:junit-jupiter]/[class:org.jugsaxony.demo9.FastHashMapTest]/[nested-class:BasicOperationsTests]/[method:putOverwriteReturnsOldValueAndPreservesSize()]
FastHashMap.java,org.jugsaxony.demo9.FastHashMap,org.pitest.mutationtest.engine.gregor.mutators.VoidMethodCallMutator,put,191,KILLED,org.jugsaxony.demo9.FastHashMapTest.[engine:junit-jupiter]/[class:org.jugsaxony.demo9.FastHashMapTest]/[nested-class:DynamicResizingTests]/[method:mapExpandsWhenExceedingThreshold()]
FastHashMap.java,org.jugsaxony.demo9.FastHashMap,org.pitest.mutationtest.engine.gregor.mutators.returns.NullReturnValsMutator,put,211,KILLED,org.jugsaxony.demo9.FastHashMapTest.[engine:junit-jupiter]/[class:org.jugsaxony.demo9.FastHashMapTest]/[nested-class:BasicOperationsTests]/[method:putOverwriteReturnsOldValueAndPreservesSize()]
FastHashMap.java,org.jugsaxony.demo9.FastHashMap,org.pitest.mutationtest.engine.gregor.mutators.ConditionalsBoundaryMutator,rehash,362,SURVIVED,none
FastHashMap.java,org.jugsaxony.demo9.FastHashMap,org.pitest.mutationtest.engine.gregor.mutators.ConditionalsBoundaryMutator,rehash,381,KILLED,org.jugsaxony.demo9.FastHashMapTest.[engine:junit-jupiter]/[class:org.jugsaxony.demo9.FastHashMapTest]/[nested-class:DynamicResizingTests]/[method:mapExpandsWhenExceedingThreshold()]
FastHashMap.java,org.jugsaxony.demo9.FastHashMap,org.pitest.mutationtest.engine.gregor.mutators.MathMutator,rehash,378,TIMED_OUT,none
FastHashMap.java,org.jugsaxony.demo9.FastHashMap,org.pitest.mutationtest.engine.gregor.mutators.MathMutator,rehash,386,KILLED,org.jugsaxony.demo9.FastHashMapTest.[engine:junit-jupiter]/[class:org.jugsaxony.demo9.FastHashMapTest]/[nested-class:DynamicResizingTests]/[method:mapExpandsWhenExceedingThreshold()]
FastHashMap.java,org.jugsaxony.demo9.FastHashMap,org.pitest.mutationtest.engine.gregor.mutators.MathMutator,rehash,389,KILLED,org.jugsaxony.demo9.FastHashMapTest.[engine:junit-jupiter]/[class:org.jugsaxony.demo9.FastHashMapTest]/[nested-class:DifferentialStressTests]/[method:randomizedOperationsEquivalence()]
FastHashMap.java,org.jugsaxony.demo9.FastHashMap,org.pitest.mutationtest.engine.gregor.mutators.MathMutator,rehash,389,KILLED,org.jugsaxony.demo9.FastHashMapTest.[engine:junit-jupiter]/[class:org.jugsaxony.demo9.FastHashMapTest]/[nested-class:DifferentialStressTests]/[method:randomizedOperationsEquivalence()]
FastHashMap.java,org.jugsaxony.demo9.FastHashMap,org.pitest.mutationtest.engine.gregor.mutators.NegateConditionalsMutator,rehash,362,KILLED,org.jugsaxony.demo9.FastHashMapTest.[engine:junit-jupiter]/[class:org.jugsaxony.demo9.FastHashMapTest]/[nested-class:DynamicResizingTests]/[method:mapExpandsWhenExceedingThreshold()]
FastHashMap.java,org.jugsaxony.demo9.FastHashMap,org.pitest.mutationtest.engine.gregor.mutators.NegateConditionalsMutator,rehash,364,NO_COVERAGE,none
FastHashMap.java,org.jugsaxony.demo9.FastHashMap,org.pitest.mutationtest.engine.gregor.mutators.NegateConditionalsMutator,rehash,381,KILLED,org.jugsaxony.demo9.FastHashMapTest.[engine:junit-jupiter]/[class:org.jugsaxony.demo9.FastHashMapTest]/[nested-class:DynamicResizingTests]/[method:mapExpandsWhenExceedingThreshold()]
FastHashMap.java,org.jugsaxony.demo9.FastHashMap,org.pitest.mutationtest.engine.gregor.mutators.NegateConditionalsMutator,rehash,384,KILLED,org.jugsaxony.demo9.FastHashMapTest.[engine:junit-jupiter]/[class:org.jugsaxony.demo9.FastHashMapTest]/[nested-class:DynamicResizingTests]/[method:mapExpandsWhenExceedingThreshold()]
FastHashMap.java,org.jugsaxony.demo9.FastHashMap,org.pitest.mutationtest.engine.gregor.mutators.NegateConditionalsMutator,rehash,387,TIMED_OUT,none
FastHashMap.java,org.jugsaxony.demo9.FastHashMap,org.pitest.mutationtest.engine.gregor.mutators.ConditionalsBoundaryMutator,remove,262,SURVIVED,none
FastHashMap.java,org.jugsaxony.demo9.FastHashMap,org.pitest.mutationtest.engine.gregor.mutators.MathMutator,remove,229,KILLED,org.jugsaxony.demo9.FastHashMapTest.[engine:junit-jupiter]/[class:org.jugsaxony.demo9.FastHashMapTest]/[nested-class:BasicOperationsTests]/[method:removeNonExistentEntryReturnsNull()]
FastHashMap.java,org.jugsaxony.demo9.FastHashMap,org.pitest.mutationtest.engine.gregor.mutators.MathMutator,remove,242,KILLED,org.jugsaxony.demo9.FastHashMapTest.[engine:junit-jupiter]/[class:org.jugsaxony.demo9.FastHashMapTest]/[nested-class:BasicOperationsTests]/[method:removeExistingEntry()]
FastHashMap.java,org.jugsaxony.demo9.FastHashMap,org.pitest.mutationtest.engine.gregor.mutators.MathMutator,remove,250,KILLED,org.jugsaxony.demo9.FastHashMapTest.[engine:junit-jupiter]/[class:org.jugsaxony.demo9.FastHashMapTest]/[nested-class:CollisionAndShiftDeletionTests]/[method:removeHeadOfCollisionClusterShiftsRemainingElements()]
FastHashMap.java,org.jugsaxony.demo9.FastHashMap,org.pitest.mutationtest.engine.gregor.mutators.MathMutator,remove,250,KILLED,org.jugsaxony.demo9.FastHashMapTest.[engine:junit-jupiter]/[class:org.jugsaxony.demo9.FastHashMapTest]/[nested-class:CollisionAndShiftDeletionTests]/[method:removeHeadOfCollisionClusterShiftsRemainingElements()]
FastHashMap.java,org.jugsaxony.demo9.FastHashMap,org.pitest.mutationtest.engine.gregor.mutators.MathMutator,remove,260,KILLED,org.jugsaxony.demo9.FastHashMapTest.[engine:junit-jupiter]/[class:org.jugsaxony.demo9.FastHashMapTest]/[nested-class:BasicOperationsTests]/[method:removeExistingEntry()]
FastHashMap.java,org.jugsaxony.demo9.FastHashMap,org.pitest.mutationtest.engine.gregor.mutators.MathMutator,remove,262,KILLED,org.jugsaxony.demo9.FastHashMapTest.[engine:junit-jupiter]/[class:org.jugsaxony.demo9.FastHashMapTest]/[nested-class:CollisionAndShiftDeletionTests]/[method:removeHeadOfCollisionClusterShiftsRemainingElements()]
FastHashMap.java,org.jugsaxony.demo9.FastHashMap,org.pitest.mutationtest.engine.gregor.mutators.MathMutator,remove,262,KILLED,org.jugsaxony.demo9.FastHashMapTest.[engine:junit-jupiter]/[class:org.jugsaxony.demo9.FastHashMapTest]/[nested-class:BasicOperationsTests]/[method:removeExistingEntry()]
FastHashMap.java,org.jugsaxony.demo9.FastHashMap,org.pitest.mutationtest.engine.gregor.mutators.MathMutator,remove,262,KILLED,org.jugsaxony.demo9.FastHashMapTest.[engine:junit-jupiter]/[class:org.jugsaxony.demo9.FastHashMapTest]/[nested-class:CollisionAndShiftDeletionTests]/[method:cyclicBoundaryWraparoundCollisionAndDeletion()]
FastHashMap.java,org.jugsaxony.demo9.FastHashMap,org.pitest.mutationtest.engine.gregor.mutators.MathMutator,remove,262,KILLED,org.jugsaxony.demo9.FastHashMapTest.[engine:junit-jupiter]/[class:org.jugsaxony.demo9.FastHashMapTest]/[nested-class:CollisionAndShiftDeletionTests]/[method:cyclicBoundaryWraparoundCollisionAndDeletion()]
FastHashMap.java,org.jugsaxony.demo9.FastHashMap,org.pitest.mutationtest.engine.gregor.mutators.MathMutator,remove,271,KILLED,org.jugsaxony.demo9.FastHashMapTest.[engine:junit-jupiter]/[class:org.jugsaxony.demo9.FastHashMapTest]/[nested-class:CollisionAndShiftDeletionTests]/[method:removeTailOfCollisionCluster()]
FastHashMap.java,org.jugsaxony.demo9.FastHashMap,org.pitest.mutationtest.engine.gregor.mutators.MathMutator,remove,271,KILLED,org.jugsaxony.demo9.FastHashMapTest.[engine:junit-jupiter]/[class:org.jugsaxony.demo9.FastHashMapTest]/[nested-class:CollisionAndShiftDeletionTests]/[method:removeTailOfCollisionCluster()]
FastHashMap.java,org.jugsaxony.demo9.FastHashMap,org.pitest.mutationtest.engine.gregor.mutators.NegateConditionalsMutator,remove,234,KILLED,org.jugsaxony.demo9.FastHashMapTest.[engine:junit-jupiter]/[class:org.jugsaxony.demo9.FastHashMapTest]/[nested-class:BasicOperationsTests]/[method:removeNonExistentEntryReturnsNull()]
FastHashMap.java,org.jugsaxony.demo9.FastHashMap,org.pitest.mutationtest.engine.gregor.mutators.NegateConditionalsMutator,remove,239,KILLED,org.jugsaxony.demo9.FastHashMapTest.[engine:junit-jupiter]/[class:org.jugsaxony.demo9.FastHashMapTest]/[nested-class:BasicOperationsTests]/[method:removeExistingEntry()]
FastHashMap.java,org.jugsaxony.demo9.FastHashMap,org.pitest.mutationtest.engine.gregor.mutators.NegateConditionalsMutator,remove,252,KILLED,org.jugsaxony.demo9.FastHashMapTest.[engine:junit-jupiter]/[class:org.jugsaxony.demo9.FastHashMapTest]/[nested-class:CollisionAndShiftDeletionTests]/[method:removeTailOfCollisionCluster()]
FastHashMap.java,org.jugsaxony.demo9.FastHashMap,org.pitest.mutationtest.engine.gregor.mutators.NegateConditionalsMutator,remove,262,KILLED,org.jugsaxony.demo9.FastHashMapTest.[engine:junit-jupiter]/[class:org.jugsaxony.demo9.FastHashMapTest]/[nested-class:BasicOperationsTests]/[method:removeExistingEntry()]
FastHashMap.java,org.jugsaxony.demo9.FastHashMap,org.pitest.mutationtest.engine.gregor.mutators.returns.NullReturnValsMutator,remove,257,KILLED,org.jugsaxony.demo9.FastHashMapTest.[engine:junit-jupiter]/[class:org.jugsaxony.demo9.FastHashMapTest]/[nested-class:BasicOperationsTests]/[method:removeExistingEntry()]
FastHashMap.java,org.jugsaxony.demo9.FastHashMap,org.pitest.mutationtest.engine.gregor.mutators.returns.PrimitiveReturnsMutator,size,282,KILLED,org.jugsaxony.demo9.FastHashMapTest.[engine:junit-jupiter]/[class:org.jugsaxony.demo9.FastHashMapTest]/[nested-class:BasicOperationsTests]/[method:removeNonExistentEntryReturnsNull()]
FastHashMap.java,org.jugsaxony.demo9.FastHashMap,org.pitest.mutationtest.engine.gregor.mutators.ConditionalsBoundaryMutator,values,321,KILLED,org.jugsaxony.demo9.FastHashMapTest.[engine:junit-jupiter]/[class:org.jugsaxony.demo9.FastHashMapTest]/[nested-class:ConstructorTests]/[method:defaultConstructorInitializesValidMap()]
FastHashMap.java,org.jugsaxony.demo9.FastHashMap,org.pitest.mutationtest.engine.gregor.mutators.NegateConditionalsMutator,values,321,KILLED,org.jugsaxony.demo9.FastHashMapTest.[engine:junit-jupiter]/[class:org.jugsaxony.demo9.FastHashMapTest]/[nested-class:CollectionViewsTests]/[method:correspondingKeyAndValueOrder()]
FastHashMap.java,org.jugsaxony.demo9.FastHashMap,org.pitest.mutationtest.engine.gregor.mutators.NegateConditionalsMutator,values,323,KILLED,org.jugsaxony.demo9.FastHashMapTest.[engine:junit-jupiter]/[class:org.jugsaxony.demo9.FastHashMapTest]/[nested-class:ConstructorTests]/[method:defaultConstructorInitializesValidMap()]
FastHashMap.java,org.jugsaxony.demo9.FastHashMap,org.pitest.mutationtest.engine.gregor.mutators.returns.EmptyObjectReturnValsMutator,values,329,KILLED,org.jugsaxony.demo9.FastHashMapTest.[engine:junit-jupiter]/[class:org.jugsaxony.demo9.FastHashMapTest]/[nested-class:CollectionViewsTests]/[method:correspondingKeyAndValueOrder()]
LRUClockMap.java,org.jugsaxony.demo9.LRUClockMap$DebugWrapper,org.pitest.mutationtest.engine.gregor.mutators.MathMutator,<init>,616,KILLED,org.jugsaxony.demo9.LRUClockMapTest.[engine:junit-jupiter]/[class:org.jugsaxony.demo9.LRUClockMapTest]/[nested-class:DiagnosticsAndDebugTests]/[method:getDebugDataReturnsAccurateWrappersAndNulls()]
LRUClockMap.java,org.jugsaxony.demo9.LRUClockMap$DebugWrapper,org.pitest.mutationtest.engine.gregor.mutators.returns.EmptyObjectReturnValsMutator,toString,622,KILLED,org.jugsaxony.demo9.LRUClockMapTest.[engine:junit-jupiter]/[class:org.jugsaxony.demo9.LRUClockMapTest]/[nested-class:DiagnosticsAndDebugTests]/[method:toStringFormatsCorrectlyForSmallMap()]
LRUClockMap.java,org.jugsaxony.demo9.LRUClockMap$Wrapper,org.pitest.mutationtest.engine.gregor.mutators.returns.EmptyObjectReturnValsMutator,toString,96,KILLED,org.jugsaxony.demo9.LRUClockMapTest.[engine:junit-jupiter]/[class:org.jugsaxony.demo9.LRUClockMapTest]/[nested-class:DiagnosticsAndDebugTests]/[method:wrapperToStringDirectTestViaReflection()]
